"label_id","dimension","label_name","label_path","parent_label_id","definition","include_when","exclude_when","synonyms","confusable_labels","positive_example","negative_example","status","taxonomy_version","source_frequency","learning_source","definition_status","dirty_observation","output_eligible"
"MP-F7AF20CE46","Separation method","Separation method","Separation method","","Root dimension for separation method in the milk-protein processing taxonomy.","The record requires a decision in this dimension.","Do not output the dimension root as a leaf-level label.","","","Supported by the domain rules and gold-standard examples.","See the domain boundary rules and adjacent-label examples.","formal","milk-protein-customer-v2","0","20260525085204594-2.xlsx","user_confirmed_v2_starting_definition","","false"
"MP-38B21C5D35","Separation method","Two or more preparation methods","Separation method > Two or more preparation methods","MP-F7AF20CE46","Milk-protein technology in which Two or more preparation methods is a key preparation, extraction, purification, concentration, or separation route.","Two or more preparation methods is technically central to selectively obtaining, separating, purifying, or concentrating the target protein or peptide.","Do not apply when the method is only a routine auxiliary step and is not technically central.","","","Supported by the domain rules and gold-standard examples.","See the domain boundary rules and adjacent-label examples.","formal","milk-protein-customer-v2","4","20260525085204594-2.xlsx","user_confirmed_v2_starting_definition","","true"
"MP-6B28DD099F","Separation method","Targeted enzymatic hydrolysis","Separation method > Targeted enzymatic hydrolysis","MP-F7AF20CE46","Milk-protein technology in which Targeted enzymatic hydrolysis is a key preparation, extraction, purification, concentration, or separation route.","Targeted enzymatic hydrolysis is technically central to selectively obtaining, separating, purifying, or concentrating the target protein or peptide.","Do not apply when the method is only a routine auxiliary step and is not technically central.","","","CN119241680A: ACE-inhibitory peptide VR8, its use, and a preparation method","See the domain boundary rules and adjacent-label examples.","formal","milk-protein-customer-v2","3","20260525085204594-2.xlsx","user_confirmed_v2_starting_definition","","true"
"MP-A88078C753","Separation method","Precipitation","Separation method > Precipitation","MP-F7AF20CE46","Milk-protein technology in which Precipitation is a key preparation, extraction, purification, concentration, or separation route.","Precipitation is technically central to selectively obtaining, separating, purifying, or concentrating the target protein or peptide.","Do not apply when the method is only a routine auxiliary step and is not technically central.","","","Supported by the domain rules and gold-standard examples.","See the domain boundary rules and adjacent-label examples.","formal","milk-protein-customer-v2","4","20260525085204594-2.xlsx","user_confirmed_v2_starting_definition","","true"
"MP-62CB98C9E0","Separation method","Electrochemical separation","Separation method > Electrochemical separation","MP-F7AF20CE46","Milk-protein technology in which Electrochemical separation is a key preparation, extraction, purification, concentration, or separation route.","Electrochemical separation is technically central to selectively obtaining, separating, purifying, or concentrating the target protein or peptide.","Do not apply when the method is only a routine auxiliary step and is not technically central.","","","Supported by the domain rules and gold-standard examples.","See the domain boundary rules and adjacent-label examples.","formal","milk-protein-customer-v2","0","20260525085204594-2.xlsx","user_confirmed_v2_starting_definition","","true"
"MP-ABE2BC580C","Separation method","Membrane separation","Separation method > Membrane separation","MP-F7AF20CE46","Milk-protein technology in which Membrane separation is a key preparation, extraction, purification, concentration, or separation route.","Membrane separation is technically central to selectively obtaining, separating, purifying, or concentrating the target protein or peptide.","Do not apply when the method is only a routine auxiliary step and is not technically central.","","Separation method > Membrane separation > Microfiltration|Separation method > Membrane separation > Filtration, ultrafiltration, or reverse osmosis","CN118726517A: Method for preparing fresh-milk-grade bioactive casein peptides","See the domain boundary rules and adjacent-label examples.","formal","milk-protein-customer-v2","2","20260525085204594-2.xlsx","user_confirmed_v2_starting_definition","","true"
"MP-CC067A2D20","Separation method","Chromatography","Separation method > Chromatography","MP-F7AF20CE46","Milk-protein technology in which Chromatography is a key preparation, extraction, purification, concentration, or separation route.","Chromatography is technically central to selectively obtaining, separating, purifying, or concentrating the target protein or peptide.","Do not apply when the method is only a routine auxiliary step and is not technically central.","","","CN117204502B: Method for preparing a beta-casein phosphopeptide product and use thereof","See the domain boundary rules and adjacent-label examples.","formal","milk-protein-customer-v2","8","20260525085204594-2.xlsx","user_confirmed_v2_starting_definition","","true"
"MP-CF121C2C0F","Separation method","Non-membrane physical separation","Separation method > Non-membrane physical separation","MP-F7AF20CE46","Milk-protein technology in which Non-membrane physical separation is a key preparation, extraction, purification, concentration, or separation route.","Non-membrane physical separation is technically central to selectively obtaining, separating, purifying, or concentrating the target protein or peptide.","Do not apply when the method is only a routine auxiliary step and is not technically central.","","","CN117304296A: Donkey-milk whey-protein peptides and preparation method thereof","See the domain boundary rules and adjacent-label examples.","formal","milk-protein-customer-v2","2","20260525085204594-2.xlsx","user_confirmed_v2_starting_definition","","true"
"MP-216C55412E","Separation method","Electrophoresis","Separation method > Electrochemical separation > Electrophoresis","MP-62CB98C9E0","Milk-protein technology in which Electrophoresis is a key preparation, extraction, purification, concentration, or separation route.","Electrophoresis is technically central to selectively obtaining, separating, purifying, or concentrating the target protein or peptide.","Do not apply when the method is only a routine auxiliary step and is not technically central.","","","Supported by the domain rules and gold-standard examples.","See the domain boundary rules and adjacent-label examples.","formal","milk-protein-customer-v2","4","20260525085204594-2.xlsx","user_confirmed_v2_starting_definition","","true"
"MP-A08F42A752","Separation method","Isoelectric separation","Separation method > Electrochemical separation > Isoelectric separation","MP-62CB98C9E0","Milk-protein technology in which Isoelectric separation is a key preparation, extraction, purification, concentration, or separation route.","Isoelectric separation is technically central to selectively obtaining, separating, purifying, or concentrating the target protein or peptide.","Do not apply when the method is only a routine auxiliary step and is not technically central.","","","Supported by the domain rules and gold-standard examples.","See the domain boundary rules and adjacent-label examples.","formal","milk-protein-customer-v2","5","20260525085204594-2.xlsx","user_confirmed_v2_starting_definition","","true"
"MP-3D53F9B641","Separation method","Microfiltration","Separation method > Membrane separation > Microfiltration","MP-ABE2BC580C","Milk-protein technology in which Microfiltration is a key preparation, extraction, purification, concentration, or separation route.","Microfiltration is technically central to selectively obtaining, separating, purifying, or concentrating the target protein or peptide.","Do not apply when the method is only a routine auxiliary step and is not technically central.","","","CN114502582A: Composition containing secretory IgA and probiotics","See the domain boundary rules and adjacent-label examples.","formal","milk-protein-customer-v2","5","20260525085204594-2.xlsx","user_confirmed_v2_starting_definition","","true"
"MP-34443C6B9F","Separation method","Filtration, ultrafiltration, or reverse osmosis","Separation method > Membrane separation > Filtration, ultrafiltration, or reverse osmosis","MP-ABE2BC580C","Milk-protein technology in which Filtration, ultrafiltration, or reverse osmosis is a key preparation, extraction, purification, concentration, or separation route.","Filtration, ultrafiltration, or reverse osmosis is technically central to selectively obtaining, separating, purifying, or concentrating the target protein or peptide.","Do not apply when the method is only a routine auxiliary step and is not technically central.","","","CN119241680A: ACE-inhibitory peptide VR8, its use, and a preparation method","See the domain boundary rules and adjacent-label examples.","formal","milk-protein-customer-v2","13","20260525085204594-2.xlsx","user_confirmed_v2_starting_definition","","true"
"MP-8EDF569F30","Separation method","Affinity chromatography or selective adsorption","Separation method > Chromatography > Affinity chromatography or selective adsorption","MP-CC067A2D20","Milk-protein technology in which Affinity chromatography or selective adsorption is a key preparation, extraction, purification, concentration, or separation route.","Affinity chromatography or selective adsorption is technically central to selectively obtaining, separating, purifying, or concentrating the target protein or peptide.","Do not apply when the method is only a routine auxiliary step and is not technically central.","","","Supported by the domain rules and gold-standard examples.","See the domain boundary rules and adjacent-label examples.","formal","milk-protein-customer-v2","1","20260525085204594-2.xlsx","user_confirmed_v2_starting_definition","","true"
"MP-26C9BED299","Separation method","Ion exchange","Separation method > Chromatography > Ion exchange","MP-CC067A2D20","Milk-protein technology in which Ion exchange is a key preparation, extraction, purification, concentration, or separation route.","Ion exchange is technically central to selectively obtaining, separating, purifying, or concentrating the target protein or peptide.","Do not apply when the method is only a routine auxiliary step and is not technically central.","","","AU2021269327A1: A method for producing a lactoferrin powder and uses thereof","See the domain boundary rules and adjacent-label examples.","formal","milk-protein-customer-v2","23","20260525085204594-2.xlsx","user_confirmed_v2_starting_definition","","true"
"MP-DC4F686318","Separation method","Centrifugal separation","Separation method > Non-membrane physical separation > Centrifugal separation","MP-CF121C2C0F","Milk-protein technology in which Centrifugal separation is a key preparation, extraction, purification, concentration, or separation route.","Centrifugal separation is technically central to selectively obtaining, separating, purifying, or concentrating the target protein or peptide.","Do not apply when the method is only a routine auxiliary step and is not technically central.","","","Supported by the domain rules and gold-standard examples.","See the domain boundary rules and adjacent-label examples.","formal","milk-protein-customer-v2","1","20260525085204594-2.xlsx","user_confirmed_v2_starting_definition","","true"
"MP-DF25EC4132","Protein function","Protein function","Protein function","","Root dimension for protein function in the milk-protein processing taxonomy.","The record requires a decision in this dimension.","Do not output the dimension root as a leaf-level label.","","","Supported by the domain rules and gold-standard examples.","See the domain boundary rules and adjacent-label examples.","formal","milk-protein-customer-v2","2","20260525085204594-2.xlsx","user_confirmed_v2_starting_definition","standalone_path_seen_2_times_do_not_output_as_leaf","false"
"MP-B5CC7A4453","Protein function","Promotes digestion","Protein function > Promotes digestion","MP-DF25EC4132","Promotes digestion is the principal function or effect supported by a claimed use, the central title or abstract purpose, a technical effect, or an experimental conclusion.","Direct evidence establishes Promotes digestion as a primary use or effect.","Do not apply when it appears only in background, an extended list of uses, or a mechanism and is not a primary effect.","","Protein function > Bone health|Protein function > Supports gut health","CN117941742B: Nutritional composition for promoting protein absorption and use thereof","See the domain boundary rules and adjacent-label examples.","formal","milk-protein-customer-v2","10","20260525085204594-2.xlsx","user_confirmed_v2_starting_definition","","true"
"MP-B375FB87F2","Protein function","Supports gut health","Protein function > Supports gut health","MP-DF25EC4132","Supports gut health is the principal function or effect supported by a claimed use, the central title or abstract purpose, a technical effect, or an experimental conclusion.","Direct evidence establishes Supports gut health as a primary use or effect.","Do not apply when it appears only in background, an extended list of uses, or a mechanism and is not a primary effect.","","","CN118766091A: Use of a nutritional composition to increase intestinal short-chain fatty acids","See the domain boundary rules and adjacent-label examples.","formal","milk-protein-customer-v2","38","20260525085204594-2.xlsx","user_confirmed_v2_starting_definition","","true"
"MP-9EACC939A7","Protein function","Supports brain development","Protein function > Supports brain development","MP-DF25EC4132","Supports brain development is the principal function or effect supported by a claimed use, the central title or abstract purpose, a technical effect, or an experimental conclusion.","Direct evidence establishes Supports brain development as a primary use or effect.","Do not apply when it appears only in background, an extended list of uses, or a mechanism and is not a primary effect.","","","CN118556870B: Nutritional composition and its use to improve brain, neural, and cognitive development","See the domain boundary rules and adjacent-label examples.","formal","milk-protein-customer-v2","8","20260525085204594-2.xlsx","user_confirmed_v2_starting_definition","","true"
"MP-ACD518C5B7","Protein function","Tooth protection","Protein function > Tooth protection","MP-DF25EC4132","Tooth protection is the principal function or effect supported by a claimed use, the central title or abstract purpose, a technical effect, or an experimental conclusion.","Direct evidence establishes Tooth protection as a primary use or effect.","Do not apply when it appears only in background, an extended list of uses, or a mechanism and is not a primary effect.","","","Supported by the domain rules and gold-standard examples.","See the domain boundary rules and adjacent-label examples.","formal","milk-protein-customer-v2","11","20260525085204594-2.xlsx","user_confirmed_v2_starting_definition","","true"
"MP-B8A78A03ED","Protein function","Bone health","Protein function > Bone health","MP-DF25EC4132","Bone health is the principal function or effect supported by a claimed use, the central title or abstract purpose, a technical effect, or an experimental conclusion.","Direct evidence establishes Bone health as a primary use or effect.","Do not apply when it appears only in background, an extended list of uses, or a mechanism and is not a primary effect.","","Protein function > Promotes digestion|Protein function > Muscle development","CN119453323A: Pediatric formula food for promoting skeletal-muscle development","See the domain boundary rules and adjacent-label examples.","formal","milk-protein-customer-v2","29","20260525085204594-2.xlsx","user_confirmed_v2_starting_definition","","true"
"MP-C1182358CB","Protein function","Immune modulation","Protein function > Immune modulation","MP-DF25EC4132","Immune modulation is the principal function or effect supported by a claimed use, the central title or abstract purpose, a technical effect, or an experimental conclusion.","Direct evidence establishes Immune modulation as a primary use or effect.","Do not apply when it appears only in background, an extended list of uses, or a mechanism and is not a primary effect.","","Protein function > Antimicrobial or antiviral activity|Protein function > Anti-inflammatory activity|Protein function > Treatment of respiratory disease","CN118787031A: Lactoferrin-containing nutritional composition, production process, and use","See the domain boundary rules and adjacent-label examples.","formal","milk-protein-customer-v2","39","20260525085204594-2.xlsx","user_confirmed_v2_starting_definition","","true"
"MP-545CE99184","Protein function","Muscle development","Protein function > Muscle development","MP-DF25EC4132","Muscle development is the principal function or effect supported by a claimed use, the central title or abstract purpose, a technical effect, or an experimental conclusion.","Direct evidence establishes Muscle development as a primary use or effect.","Do not apply when it appears only in background, an extended list of uses, or a mechanism and is not a primary effect.","","","CN119453323A: Pediatric formula food for promoting skeletal-muscle development","See the domain boundary rules and adjacent-label examples.","formal","milk-protein-customer-v2","7","20260525085204594-2.xlsx","user_confirmed_v2_starting_definition","","true"
"MP-D5791F7F0C","Protein function","Antioxidant activity","Protein function > Antioxidant activity","MP-DF25EC4132","Antioxidant activity is the principal function or effect supported by a claimed use, the central title or abstract purpose, a technical effect, or an experimental conclusion.","Direct evidence establishes Antioxidant activity as a primary use or effect.","Do not apply when it appears only in background, an extended list of uses, or a mechanism and is not a primary effect.","","","CN118754970A: Method for preparing zinc-loaded lactoferrin, zinc-loaded lactoferrin, and use thereof","See the domain boundary rules and adjacent-label examples.","formal","milk-protein-customer-v2","3","20260525085204594-2.xlsx","user_confirmed_v2_starting_definition","","true"
"MP-653E4161FF","Protein function","Anti-inflammatory activity","Protein function > Anti-inflammatory activity","MP-DF25EC4132","Anti-inflammatory activity is the principal function or effect supported by a claimed use, the central title or abstract purpose, a technical effect, or an experimental conclusion.","Direct evidence establishes Anti-inflammatory activity as a primary use or effect.","Do not apply when it appears only in background, an extended list of uses, or a mechanism and is not a primary effect.","","","CN118766962A: Use of extracellular vesicles derived from ovine colostrum to prepare a wound-healing product","See the domain boundary rules and adjacent-label examples.","formal","milk-protein-customer-v2","12","20260525085204594-2.xlsx","user_confirmed_v2_starting_definition","","true"
"MP-B99824CAEE","Protein function","Anticancer activity","Protein function > Anticancer activity","MP-DF25EC4132","Anticancer activity is the principal function or effect supported by a claimed use, the central title or abstract purpose, a technical effect, or an experimental conclusion.","Direct evidence establishes Anticancer activity as a primary use or effect.","Do not apply when it appears only in background, an extended list of uses, or a mechanism and is not a primary effect.","","","MX349966B: Use of sodium caseinate as antineoplastic agent.","See the domain boundary rules and adjacent-label examples.","formal","milk-protein-customer-v2","27","20260525085204594-2.xlsx","user_confirmed_v2_starting_definition","","true"
"MP-1931D9D231","Protein function","Protection against neurodegeneration","Protein function > Protection against neurodegeneration","MP-DF25EC4132","Protection against neurodegeneration is the principal function or effect supported by a claimed use, the central title or abstract purpose, a technical effect, or an experimental conclusion.","Direct evidence establishes Protection against neurodegeneration as a primary use or effect.","Do not apply when it appears only in background, an extended list of uses, or a mechanism and is not a primary effect.","","","CN118556870B: Nutritional composition and its use to improve brain, neural, and cognitive development","See the domain boundary rules and adjacent-label examples.","formal","milk-protein-customer-v2","3","20260525085204594-2.xlsx","user_confirmed_v2_starting_definition","","true"
"MP-781498B833","Protein function","Antimicrobial or antiviral activity","Protein function > Antimicrobial or antiviral activity","MP-DF25EC4132","Antimicrobial or antiviral activity is the principal function or effect supported by a claimed use, the central title or abstract purpose, a technical effect, or an experimental conclusion.","Direct evidence establishes Antimicrobial or antiviral activity as a primary use or effect.","Do not apply when it appears only in background, an extended list of uses, or a mechanism and is not a primary effect.","","Protein function > Immune modulation|Protein function > Anti-inflammatory activity","CN118787031A: Lactoferrin-containing nutritional composition, production process, and use","See the domain boundary rules and adjacent-label examples.","formal","milk-protein-customer-v2","30","20260525085204594-2.xlsx","user_confirmed_v2_starting_definition","","true"
"MP-CF91532A42","Protein function","Weight management","Protein function > Weight management","MP-DF25EC4132","Weight management is the principal function or effect supported by a claimed use, the central title or abstract purpose, a technical effect, or an experimental conclusion.","Direct evidence establishes Weight management as a primary use or effect.","Do not apply when it appears only in background, an extended list of uses, or a mechanism and is not a primary effect.","","","CN112890200B: Nutritional composition for catch-up growth in low-weight infants and young children","See the domain boundary rules and adjacent-label examples.","formal","milk-protein-customer-v2","8","20260525085204594-2.xlsx","user_confirmed_v2_starting_definition","","true"
"MP-CA81AEBD3A","Protein function","Sleep improvement","Protein function > Sleep improvement","MP-DF25EC4132","Sleep improvement is the principal function or effect supported by a claimed use, the central title or abstract purpose, a technical effect, or an experimental conclusion.","Direct evidence establishes Sleep improvement as a primary use or effect.","Do not apply when it appears only in background, an extended list of uses, or a mechanism and is not a primary effect.","","","KR102750114B1: Composition containing a whey-protein hydrolysate for preventing, improving, or treating sleep disorders","See the domain boundary rules and adjacent-label examples.","formal","milk-protein-customer-v2","1","20260525085204594-2.xlsx","user_confirmed_v2_starting_definition","","true"
"MP-1F98C1B1A8","Protein function","Treatment of respiratory disease","Protein function > Treatment of respiratory disease","MP-DF25EC4132","Treatment of respiratory disease is the principal function or effect supported by a claimed use, the central title or abstract purpose, a technical effect, or an experimental conclusion.","Direct evidence establishes Treatment of respiratory disease as a primary use or effect.","Do not apply when it appears only in background, an extended list of uses, or a mechanism and is not a primary effect.","","","EP4137511A4: New composition for use to treat and prevent infections by COVID-19 and other coronaviruses","See the domain boundary rules and adjacent-label examples.","formal","milk-protein-customer-v2","3","20260525085204594-2.xlsx","user_confirmed_v2_starting_definition","","true"
"MP-56B4284A40","Protein function","Treatment of sensory disorders","Protein function > Treatment of sensory disorders","MP-DF25EC4132","Treatment of sensory disorders is the principal function or effect supported by a claimed use, the central title or abstract purpose, a technical effect, or an experimental conclusion.","Direct evidence establishes Treatment of sensory disorders as a primary use or effect.","Do not apply when it appears only in background, an extended list of uses, or a mechanism and is not a primary effect.","","","JP6941445B2: Agent for improving balance","See the domain boundary rules and adjacent-label examples.","formal","milk-protein-customer-v2","5","20260525085204594-2.xlsx","user_confirmed_v2_starting_definition","","true"
"MP-60BC446ABF","Protein function","Treatment of urinary-system disease","Protein function > Treatment of urinary-system disease","MP-DF25EC4132","Treatment of urinary-system disease is the principal function or effect supported by a claimed use, the central title or abstract purpose, a technical effect, or an experimental conclusion.","Direct evidence establishes Treatment of urinary-system disease as a primary use or effect.","Do not apply when it appears only in background, an extended list of uses, or a mechanism and is not a primary effect.","","","US20190134096A1: Hyperimmune colostrum in the modulation and treatment of conditions associated with the mammalian microbiome","See the domain boundary rules and adjacent-label examples.","formal","milk-protein-customer-v2","1","20260525085204594-2.xlsx","user_confirmed_v2_starting_definition","","true"
"MP-51013C8536","Protein function","Treatment of skin disease","Protein function > Treatment of skin disease","MP-DF25EC4132","Treatment of skin disease is the principal function or effect supported by a claimed use, the central title or abstract purpose, a technical effect, or an experimental conclusion.","Direct evidence establishes Treatment of skin disease as a primary use or effect.","Do not apply when it appears only in background, an extended list of uses, or a mechanism and is not a primary effect.","","","CN118766962A: Use of extracellular vesicles derived from ovine colostrum to prepare a wound-healing product","See the domain boundary rules and adjacent-label examples.","formal","milk-protein-customer-v2","9","20260525085204594-2.xlsx","user_confirmed_v2_starting_definition","","true"
"MP-7B8966810A","Protein function","Treatment of anemia","Protein function > Treatment of anemia","MP-DF25EC4132","Treatment of anemia is the principal function or effect supported by a claimed use, the central title or abstract purpose, a technical effect, or an experimental conclusion.","Direct evidence establishes Treatment of anemia as a primary use or effect.","Do not apply when it appears only in background, an extended list of uses, or a mechanism and is not a primary effect.","","","CN117016792A: Gel confection with iron-supplementing and antimicrobial effects and preparation method thereof","See the domain boundary rules and adjacent-label examples.","formal","milk-protein-customer-v2","8","20260525085204594-2.xlsx","user_confirmed_v2_starting_definition","","true"
"MP-5F63122309","Protein function","Sedative or analgesic effect","Protein function > Sedative or analgesic effect","MP-DF25EC4132","Sedative or analgesic effect is the principal function or effect supported by a claimed use, the central title or abstract purpose, a technical effect, or an experimental conclusion.","Direct evidence establishes Sedative or analgesic effect as a primary use or effect.","Do not apply when it appears only in background, an extended list of uses, or a mechanism and is not a primary effect.","","","CN116584653A: Use of a composition to prevent or relieve infant colic","See the domain boundary rules and adjacent-label examples.","formal","milk-protein-customer-v2","2","20260525085204594-2.xlsx","user_confirmed_v2_starting_definition","","true"
"MP-E31655A047","Protein function","Blood-pressure reduction","Protein function > Blood-pressure reduction","MP-DF25EC4132","Blood-pressure reduction is the principal function or effect supported by a claimed use, the central title or abstract purpose, a technical effect, or an experimental conclusion.","Direct evidence establishes Blood-pressure reduction as a primary use or effect.","Do not apply when it appears only in background, an extended list of uses, or a mechanism and is not a primary effect.","","","CN119241680A: ACE-inhibitory peptide VR8, its use, and a preparation method","See the domain boundary rules and adjacent-label examples.","formal","milk-protein-customer-v2","5","20260525085204594-2.xlsx","user_confirmed_v2_starting_definition","","true"
"MP-84ACD09679","Protein function","Glycemic control","Protein function > Glycemic control","MP-DF25EC4132","Glycemic control is the principal function or effect supported by a claimed use, the central title or abstract purpose, a technical effect, or an experimental conclusion.","Direct evidence establishes Glycemic control as a primary use or effect.","Do not apply when it appears only in background, an extended list of uses, or a mechanism and is not a primary effect.","","","CN111801109B: Peptide capable of improving cognitive function","See the domain boundary rules and adjacent-label examples.","formal","milk-protein-customer-v2","11","20260525085204594-2.xlsx","user_confirmed_v2_starting_definition","","true"
"MP-4958246546","Protein function","Lipid reduction","Protein function > Lipid reduction","MP-DF25EC4132","Lipid reduction is the principal function or effect supported by a claimed use, the central title or abstract purpose, a technical effect, or an experimental conclusion.","Direct evidence establishes Lipid reduction as a primary use or effect.","Do not apply when it appears only in background, an extended list of uses, or a mechanism and is not a primary effect.","","","CN115038454A: Composition containing bovine-milk exosomes for inducing adipose browning","See the domain boundary rules and adjacent-label examples.","formal","milk-protein-customer-v2","11","20260525085204594-2.xlsx","user_confirmed_v2_starting_definition","","true"
"MP-6EAC4AC735","Protein type","Protein type","Protein type","","Root dimension for protein type in the milk-protein processing taxonomy.","The record requires a decision in this dimension.","Do not output the dimension root as a leaf-level label.","","","Supported by the domain rules and gold-standard examples.","See the domain boundary rules and adjacent-label examples.","formal","milk-protein-customer-v2","0","20260525085204594-2.xlsx","user_confirmed_v2_starting_definition","","false"
"MP-015BB1E97D","Protein type","Whey protein","Protein type > Whey protein","MP-6EAC4AC735","Milk-protein technology in which Whey protein is a core active ingredient, preparation target, processing target, or claim-limited component.","Whey protein is a core active ingredient, preparation target, processing target, or claim-limited component in a milk-source context.","Do not apply when it is merely optional, background material, non-milk material, or a physiological indicator.","","","CN116490081A: Native whey-protein composition for improving gastrointestinal tolerance","See the domain boundary rules and adjacent-label examples.","formal","milk-protein-customer-v2","5","20260525085204594-2.xlsx","user_confirmed_v2_starting_definition","","true"
"MP-20D2D0B869","Protein type","Other milk proteins","Protein type > Other milk proteins","MP-6EAC4AC735","Milk-protein technology in which Other milk proteins is a core active ingredient, preparation target, processing target, or claim-limited component.","Other milk proteins is a core active ingredient, preparation target, processing target, or claim-limited component in a milk-source context.","Do not apply when it is merely optional, background material, non-milk material, or a physiological indicator.","","","Supported by the domain rules and gold-standard examples.","See the domain boundary rules and adjacent-label examples.","formal","milk-protein-customer-v2","0","20260525085204594-2.xlsx","user_confirmed_v2_starting_definition","","true"
"MP-40CBB54771","Protein type","Casein","Protein type > Casein","MP-6EAC4AC735","Milk-protein technology in which Casein is a core active ingredient, preparation target, processing target, or claim-limited component.","Casein is a core active ingredient, preparation target, processing target, or claim-limited component in a milk-source context.","Do not apply when it is merely optional, background material, non-milk material, or a physiological indicator.","","","CN113660867B: Nutritional composition exhibiting phase separation under gastric conditions and preparation method thereof","See the domain boundary rules and adjacent-label examples.","formal","milk-protein-customer-v2","1","20260525085204594-2.xlsx","user_confirmed_v2_starting_definition","","true"
"MP-6C70B7E407","Protein type","WPC80","Protein type > Whey protein > WPC80","MP-015BB1E97D","Milk-protein technology in which WPC80 is a core active ingredient, preparation target, processing target, or claim-limited component.","WPC80 is a core active ingredient, preparation target, processing target, or claim-limited component in a milk-source context.","Do not apply when it is merely optional, background material, non-milk material, or a physiological indicator.","","","CN115517368A: Whey-protein powder for post-exercise recovery and preparation method thereof","See the domain boundary rules and adjacent-label examples.","formal","milk-protein-customer-v2","2","20260525085204594-2.xlsx","user_confirmed_v2_starting_definition","","true"
"MP-7B71A213CA","Protein type","Alpha-lactalbumin","Protein type > Whey protein > Alpha-lactalbumin","MP-015BB1E97D","Milk-protein technology in which Alpha-lactalbumin is a core active ingredient, preparation target, processing target, or claim-limited component.","Alpha-lactalbumin is a core active ingredient, preparation target, processing target, or claim-limited component in a milk-source context.","Do not apply when it is merely optional, background material, non-milk material, or a physiological indicator.","","","CN117941742B: Nutritional composition for promoting protein absorption and use thereof","See the domain boundary rules and adjacent-label examples.","formal","milk-protein-customer-v2","13","20260525085204594-2.xlsx","user_confirmed_v2_starting_definition","","true"
"MP-130D511DCC","Protein type","Beta-lactoglobulin","Protein type > Whey protein > Beta-lactoglobulin","MP-015BB1E97D","Milk-protein technology in which Beta-lactoglobulin is a core active ingredient, preparation target, processing target, or claim-limited component.","Beta-lactoglobulin is a core active ingredient, preparation target, processing target, or claim-limited component in a milk-source context.","Do not apply when it is merely optional, background material, non-milk material, or a physiological indicator.","","","CN113660867B: Nutritional composition exhibiting phase separation under gastric conditions and preparation method thereof","See the domain boundary rules and adjacent-label examples.","formal","milk-protein-customer-v2","4","20260525085204594-2.xlsx","user_confirmed_v2_starting_definition","","true"
"MP-44958F5E65","Protein type","Lactoperoxidase","Protein type > Whey protein > Lactoperoxidase","MP-015BB1E97D","Milk-protein technology in which Lactoperoxidase is a core active ingredient, preparation target, processing target, or claim-limited component.","Lactoperoxidase is a core active ingredient, preparation target, processing target, or claim-limited component in a milk-source context.","Do not apply when it is merely optional, background material, non-milk material, or a physiological indicator.","","","US10376543B2: Fermented milk product and method for producing the same","See the domain boundary rules and adjacent-label examples.","formal","milk-protein-customer-v2","4","20260525085204594-2.xlsx","user_confirmed_v2_starting_definition","","true"
"MP-7EC1100C3D","Protein type","Lactoferrin","Protein type > Whey protein > Lactoferrin","MP-015BB1E97D","Milk-protein technology in which Lactoferrin is a core active ingredient, preparation target, processing target, or claim-limited component.","Lactoferrin is a core active ingredient, preparation target, processing target, or claim-limited component in a milk-source context.","Do not apply when it is merely optional, background material, non-milk material, or a physiological indicator.","","","CN119453323A: Pediatric formula food for promoting skeletal-muscle development","See the domain boundary rules and adjacent-label examples.","formal","milk-protein-customer-v2","81","20260525085204594-2.xlsx","user_confirmed_v2_starting_definition","","true"
"MP-9D6D44DD58","Protein type","Immunoglobulin","Protein type > Whey protein > Immunoglobulin","MP-015BB1E97D","Milk-protein technology in which Immunoglobulin is a core active ingredient, preparation target, processing target, or claim-limited component.","Immunoglobulin is a core active ingredient, preparation target, processing target, or claim-limited component in a milk-source context.","Do not apply when it is merely optional, background material, non-milk material, or a physiological indicator.","","","CN114794491A: Composition for improving brain function and preparation method thereof","See the domain boundary rules and adjacent-label examples.","formal","milk-protein-customer-v2","12","20260525085204594-2.xlsx","user_confirmed_v2_starting_definition","","true"
"MP-F813EC3CD8","Protein type","Lysozyme","Protein type > Whey protein > Lysozyme","MP-015BB1E97D","Milk-protein technology in which Lysozyme is a core active ingredient, preparation target, processing target, or claim-limited component.","Lysozyme is a core active ingredient, preparation target, processing target, or claim-limited component in a milk-source context.","Do not apply when it is merely optional, background material, non-milk material, or a physiological indicator.","","","Supported by the domain rules and gold-standard examples.","See the domain boundary rules and adjacent-label examples.","formal","milk-protein-customer-v2","1","20260525085204594-2.xlsx","user_confirmed_v2_starting_definition","","true"
"MP-CA319DFFEA","Protein type","Milk basic protein","Protein type > Whey protein > Milk basic protein","MP-015BB1E97D","Milk-protein technology in which Milk basic protein is a core active ingredient, preparation target, processing target, or claim-limited component.","Milk basic protein is a core active ingredient, preparation target, processing target, or claim-limited component in a milk-source context.","Do not apply when it is merely optional, background material, non-milk material, or a physiological indicator.","","","CN115997937B: Milk-fat-globule-membrane-containing nutritional composition, use, and food","See the domain boundary rules and adjacent-label examples.","formal","milk-protein-customer-v2","6","20260525085204594-2.xlsx","user_confirmed_v2_starting_definition","","true"
"MP-10F5CCC044","Protein type","Growth factor","Protein type > Whey protein > Growth factor","MP-015BB1E97D","Milk-protein technology in which Growth factor is a core active ingredient, preparation target, processing target, or claim-limited component.","Growth factor is a core active ingredient, preparation target, processing target, or claim-limited component in a milk-source context.","Do not apply when it is merely optional, background material, non-milk material, or a physiological indicator.","","","US10376543B2: Fermented milk product and method for producing the same","See the domain boundary rules and adjacent-label examples.","formal","milk-protein-customer-v2","12","20260525085204594-2.xlsx","user_confirmed_v2_starting_definition","","true"
"MP-933FB9631E","Protein type","Serum albumin","Protein type > Whey protein > Serum albumin","MP-015BB1E97D","Milk-protein technology in which Serum albumin is a core active ingredient, preparation target, processing target, or claim-limited component.","Serum albumin is a core active ingredient, preparation target, processing target, or claim-limited component in a milk-source context.","Do not apply when it is merely optional, background material, non-milk material, or a physiological indicator.","","","Supported by the domain rules and gold-standard examples.","See the domain boundary rules and adjacent-label examples.","formal","milk-protein-customer-v2","2","20260525085204594-2.xlsx","user_confirmed_v2_starting_definition","","true"
"MP-E796FC8E9E","Protein type","Osteopontin","Protein type > Whey protein > Osteopontin","MP-015BB1E97D","Milk-protein technology in which Osteopontin is a core active ingredient, preparation target, processing target, or claim-limited component.","Osteopontin is a core active ingredient, preparation target, processing target, or claim-limited component in a milk-source context.","Do not apply when it is merely optional, background material, non-milk material, or a physiological indicator.","","","CN117337994A: Functional composition and use thereof","See the domain boundary rules and adjacent-label examples.","formal","milk-protein-customer-v2","5","20260525085204594-2.xlsx","user_confirmed_v2_starting_definition","","true"
"MP-4271038C82","Protein type","Milk-derived peptide","Protein type > Other milk proteins > Milk-derived peptide","MP-20D2D0B869","Milk-protein technology in which Milk-derived peptide is a core active ingredient, preparation target, processing target, or claim-limited component.","Milk-derived peptide is a core active ingredient, preparation target, processing target, or claim-limited component in a milk-source context.","Do not apply when it is merely optional, background material, non-milk material, or a physiological indicator.","","Protein type > Other milk proteins > Hydrolyzed protein","KR102750114B1: Composition containing a whey-protein hydrolysate for preventing, improving, or treating sleep disorders","See the domain boundary rules and adjacent-label examples.","formal","milk-protein-customer-v2","64","20260525085204594-2.xlsx","user_confirmed_v2_starting_definition","","true"
"MP-756312CD99","Protein type","Hydrolyzed protein","Protein type > Other milk proteins > Hydrolyzed protein","MP-20D2D0B869","Milk-protein technology in which Hydrolyzed protein is a core active ingredient, preparation target, processing target, or claim-limited component.","Hydrolyzed protein is a core active ingredient, preparation target, processing target, or claim-limited component in a milk-source context.","Do not apply when it is merely optional, background material, non-milk material, or a physiological indicator.","","Protein type > Other milk proteins > Milk-derived peptide","CN117796531B: Composite protein composition for increasing muscle circumference and preparation method thereof","See the domain boundary rules and adjacent-label examples.","formal","milk-protein-customer-v2","2","20260525085204594-2.xlsx","user_confirmed_v2_starting_definition","","true"
"MP-687A78A801","Protein type","Milk-fat-globule membrane protein","Protein type > Other milk proteins > Milk-fat-globule membrane protein","MP-20D2D0B869","Milk-protein technology in which Milk-fat-globule membrane protein is a core active ingredient, preparation target, processing target, or claim-limited component.","Milk-fat-globule membrane protein is a core active ingredient, preparation target, processing target, or claim-limited component in a milk-source context.","Do not apply when it is merely optional, background material, non-milk material, or a physiological indicator.","","","CN118252256A: Composition, use thereof, and food","See the domain boundary rules and adjacent-label examples.","formal","milk-protein-customer-v2","6","20260525085204594-2.xlsx","user_confirmed_v2_starting_definition","","true"
"MP-72ADCC00D2","Protein type","Alpha-s1-casein","Protein type > Casein > Alpha-s1-casein","MP-40CBB54771","Milk-protein technology in which Alpha-s1-casein is a core active ingredient, preparation target, processing target, or claim-limited component.","Alpha-s1-casein is a core active ingredient, preparation target, processing target, or claim-limited component in a milk-source context.","Do not apply when it is merely optional, background material, non-milk material, or a physiological indicator.","","","Supported by the domain rules and gold-standard examples.","See the domain boundary rules and adjacent-label examples.","formal","milk-protein-customer-v2","1","20260525085204594-2.xlsx","user_confirmed_v2_starting_definition","","true"
"MP-BB928FA158","Protein type","Alpha-s2-casein","Protein type > Casein > Alpha-s2-casein","MP-40CBB54771","Milk-protein technology in which Alpha-s2-casein is a core active ingredient, preparation target, processing target, or claim-limited component.","Alpha-s2-casein is a core active ingredient, preparation target, processing target, or claim-limited component in a milk-source context.","Do not apply when it is merely optional, background material, non-milk material, or a physiological indicator.","","","Supported by the domain rules and gold-standard examples.","See the domain boundary rules and adjacent-label examples.","formal","milk-protein-customer-v2","1","20260525085204594-2.xlsx","user_confirmed_v2_starting_definition","","true"
"MP-803B77E90F","Protein type","Beta-casein","Protein type > Casein > Beta-casein","MP-40CBB54771","Milk-protein technology in which Beta-casein is a core active ingredient, preparation target, processing target, or claim-limited component.","Beta-casein is a core active ingredient, preparation target, processing target, or claim-limited component in a milk-source context.","Do not apply when it is merely optional, background material, non-milk material, or a physiological indicator.","","","CN117941742B: Nutritional composition for promoting protein absorption and use thereof","See the domain boundary rules and adjacent-label examples.","formal","milk-protein-customer-v2","7","20260525085204594-2.xlsx","user_confirmed_v2_starting_definition","","true"
"MP-8EE2B2A291","Protein type","Kappa-casein","Protein type > Casein > Kappa-casein","MP-40CBB54771","Milk-protein technology in which Kappa-casein is a core active ingredient, preparation target, processing target, or claim-limited component.","Kappa-casein is a core active ingredient, preparation target, processing target, or claim-limited component in a milk-source context.","Do not apply when it is merely optional, background material, non-milk material, or a physiological indicator.","","","Supported by the domain rules and gold-standard examples.","See the domain boundary rules and adjacent-label examples.","formal","milk-protein-customer-v2","3","20260525085204594-2.xlsx","user_confirmed_v2_starting_definition","","true"
"MP-461EAD53B8","Protein type","Casein glycomacropeptide","Protein type > Casein > Casein glycomacropeptide","MP-40CBB54771","Milk-protein technology in which Casein glycomacropeptide is a core active ingredient, preparation target, processing target, or claim-limited component.","Casein glycomacropeptide is a core active ingredient, preparation target, processing target, or claim-limited component in a milk-source context.","Do not apply when it is merely optional, background material, non-milk material, or a physiological indicator.","","","CN118252256A: Composition, use thereof, and food","See the domain boundary rules and adjacent-label examples.","formal","milk-protein-customer-v2","3","20260525085204594-2.xlsx","user_confirmed_v2_starting_definition","","true"
"MP-15ED2CD17C","Protein type","Soft casein micelle","Protein type > Casein > Soft casein micelle","MP-40CBB54771","Milk-protein technology in which Soft casein micelle is a core active ingredient, preparation target, processing target, or claim-limited component.","Soft casein micelle is a core active ingredient, preparation target, processing target, or claim-limited component in a milk-source context.","Do not apply when it is merely optional, background material, non-milk material, or a physiological indicator.","","","CN113747802A: Liquid composition containing micellar casein concentrate","See the domain boundary rules and adjacent-label examples.","formal","milk-protein-customer-v2","6","20260525085204594-2.xlsx","user_confirmed_v2_starting_definition","","true"
"MP-5AEBF324CC","Protein type","Sodium caseinate","Protein type > Casein > Sodium caseinate","MP-40CBB54771","Milk-protein technology in which Sodium caseinate is a core active ingredient, preparation target, processing target, or claim-limited component.","Sodium caseinate is a core active ingredient, preparation target, processing target, or claim-limited component in a milk-source context.","Do not apply when it is merely optional, background material, non-milk material, or a physiological indicator.","","","MX349966B: Use of sodium caseinate as antineoplastic agent.","See the domain boundary rules and adjacent-label examples.","formal","milk-protein-customer-v2","1","20260525085204594-2.xlsx","user_confirmed_v2_starting_definition","","true"
