"test_id","public_no","title","abstract_excerpt","claims_excerpt","gold_labels","gold_protein_type","gold_protein_function","gold_separation_technology","source_dataset","example_authority"
"T001","CN119453323A","Pediatric formula food for promoting skeletal-muscle development","The invention provides a pediatric formula food for promoting skeletal-muscle development. The formula contains lactoferrin and pyrroloquinoline quinone disodium salt at a weight ratio of 20:1 to 30:1. It promotes skeletal-muscle development, supports absorption and utilization of these nutrients, and materially improves muscle mass, strength, and function.","1. A pediatric formula food containing a composition of lactoferrin and pyrroloquinoline quinone disodium salt, wherein their weight ratio is 20:1 to 30:1. _x000D_ 10. Use of a composition to prepare a product for promoting skeletal and muscular development, wherein the composition contains lactoferrin and pyrroloquinoline quinone disodium salt at a weight ratio of 20:1 to 30:1; preferably, the product is a pediatric formula food.","Protein type > Whey protein > Lactoferrin | Protein function > Bone health | Protein function > Muscle development","Protein type > Whey protein > Lactoferrin","Protein function > Bone health | Protein function > Muscle development","","milk_protein_labeling_testset/test_gold.csv","legacy_path_reference_only_do_not_override_v2_rules"
"T002","KR102750114B1","Composition containing a whey-protein hydrolysate for preventing, improving, or treating sleep disorders","The invention relates to a composition containing a whey-protein hydrolysate as an active ingredient for preventing, improving, or treating sleep disorders. The composition can increase sleep time, reduce wake time, increase NREM sleep, reduce REM sleep, and increase expression of GABAA-receptor and serotonin-receptor genes, while presenting fewer adverse effects such as drug dependence and headache.","Claim 1. A pharmaceutical composition for preventing, improving, or treating a sleep disorder, containing a whey-protein hydrolysate as an active ingredient, wherein the hydrolysate is obtained by treating whey protein with Alcalase and Prozyme enzymes. _x000D_ Claim 10. A food composition containing that whey-protein hydrolysate for preventing or improving a sleep disorder. _x000D_ Claim 11. a) treating whey protein with Alcalase enzyme [source excerpt ends here].","Protein type > Other milk proteins > Milk-derived peptide | Protein function > Sleep improvement","Protein type > Other milk proteins > Milk-derived peptide","Protein function > Sleep improvement","","milk_protein_labeling_testset/test_gold.csv","legacy_path_reference_only_do_not_override_v2_rules"
"T003","CN119241680A","ACE-inhibitory peptide VR8, its use, and a preparation method","The invention discloses ACE-inhibitory peptide VR8, its use, and its preparation. VR8 has the amino-acid sequence VPNSAEER and is used in a functional food that assists in lowering blood pressure. The peptide is extracted from bovine casein and inhibits ACE activity in vitro; the source further reports high specificity, low toxicity, and favorable efficacy for daily and health-maintenance use.","1. ACE-inhibitory peptide VR8, wherein its amino-acid sequence is VPNSAEER. _x000D_ 3. Use of the peptide of claim 1 or 2 in a functional food that assists in lowering blood pressure. _x000D_ 4. A method for preparing the peptide, comprising: step 1, enzymatically hydrolyzing bovine casein with a protease at 37–55 °C, an enzyme dosage of 2–6%, pH above 7, and a duration of 3–12 h; and step 2, filtering the hydrolysate to remove residue, obtaining a clarified peptide hydrolysate, and freeze-drying it to obtain peptide powder.","Protein type > Other milk proteins > Milk-derived peptide | Separation method > Membrane separation > Filtration, ultrafiltration, or reverse osmosis | Separation method > Targeted enzymatic hydrolysis | Protein function > Blood-pressure reduction","Protein type > Other milk proteins > Milk-derived peptide","Protein function > Blood-pressure reduction","Separation method > Membrane separation > Filtration, ultrafiltration, or reverse osmosis | Separation method > Targeted enzymatic hydrolysis","milk_protein_labeling_testset/test_gold.csv","legacy_path_reference_only_do_not_override_v2_rules"
"T004","CN118556870B","Nutritional composition and its use to improve brain, neural, and cognitive development","The invention concerns a nutritional composition and its use to improve brain, neural, and cognitive development. The composition contains medium- and long-chain triglycerides together with casein phosphopeptide; their reported synergy materially improves brain, neural, and cognitive development. The composition may prevent or improve delayed brain, nervous-system, or cognitive development and may address impaired learning, behavior, memory, or attention span.","1. A nutritional composition containing medium- and long-chain triglycerides and casein phosphopeptide at a mass ratio of (8–25):1. _x000D_ 3. Use of the composition of claim 1 or 2 to prepare a product for improving brain or cognitive development. _x000D_ 5. Use to prepare a product for enhancing learning and/or memory. _x000D_ 7. Non-therapeutic use to improve brain or cognitive development. _x000D_ 8. Non-therapeutic use to enhance learning and/or memory. _x000D_ 9. A product containing the composition of claim 1 or 2.","Protein type > Other milk proteins > Milk-derived peptide | Protein function > Protection against neurodegeneration | Protein function > Supports brain development","Protein type > Other milk proteins > Milk-derived peptide","Protein function > Protection against neurodegeneration | Protein function > Supports brain development","","milk_protein_labeling_testset/test_gold.csv","legacy_path_reference_only_do_not_override_v2_rules"
"T005","CN118787031A","Lactoferrin-containing nutritional composition, production process, and use","The invention provides a nutritional composition containing lactoferrin, immunoglobulin, vitamins A, E, B6, and C, probiotics, and other ingredients at selected weight percentages. The source reports enhanced immunity and activity against viral pneumonia. It also provides a production process that integrates mixing, concentration, and spraying in concentration-drying equipment. Dynamic inner mixing cylinders and an outer deformable cylinder move the liquid through internal and external chambers to improve mixing, production efficiency, and component uniformity.","1. A lactoferrin-containing nutritional composition comprising whey powder, milk powder, lactoferrin, and vitamins A, E, B6, and C. _x000D_ 7. A process for producing the composition of any of claims 1–6, comprising: step 1, clarifying and pasteurizing fresh raw milk, then high-pressure homogenizing and storing it; step 2, mixing the homogenized milk with pasteurized fresh whey and heating to concentrate the milk solids; and step 3, spray-drying the concentrated mixture [source excerpt ends here].","Protein type > Whey protein > Lactoferrin | Protein function > Immune modulation | Protein function > Antimicrobial or antiviral activity","Protein type > Whey protein > Lactoferrin","Protein function > Immune modulation | Protein function > Antimicrobial or antiviral activity","","milk_protein_labeling_testset/test_gold.csv","legacy_path_reference_only_do_not_override_v2_rules"
"T006","CN118766091A","Use of a nutritional composition to increase intestinal short-chain fatty acids","The invention concerns use of a nutritional composition to increase intestinal short-chain fatty-acid levels. The composition contains lactoferrin and a prebiotic and can regulate gut-microbiota metabolites, particularly acetate, propionate, and butyrate. During fermentation, microbiota diversity and short-chain fatty-acid production increase. The composition is reported to increase intestinal short-chain fatty acids in middle-aged and older people with constipation.","1. Use of a nutritional composition to increase intestinal short-chain fatty-acid levels, wherein the nutritional composition comprises lactoferrin and a prebiotic.","Protein type > Whey protein > Lactoferrin | Protein function > Immune modulation | Protein function > Supports gut health","Protein type > Whey protein > Lactoferrin","Protein function > Immune modulation | Protein function > Supports gut health","","milk_protein_labeling_testset/test_gold.csv","legacy_path_reference_only_do_not_override_v2_rules"
"T008","CN118754970A","Method for preparing zinc-loaded lactoferrin, zinc-loaded lactoferrin, and use thereof","The invention discloses zinc-loaded lactoferrin and its preparation and use. S1 dissolves native lactoferrin powder in purified water, places it in dialysis tubing, dialyzes against iron-removal buffer, and then continues dialysis against purified water. S2 vacuum-freeze-dries the dialysate to obtain iron-depleted lactoferrin powder, dissolves it in binding buffer, and adds zinc sulfate. S3 repeats dialysis against binding buffer and then purified water after binding. S4 vacuum-freeze-dries the dialysate to obtain zinc-loaded lactoferrin powder. ICP-MS reportedly measured zinc at up to 140 mg/100 g and a chelation rate up to 87%.","1. A method for preparing zinc-loaded lactoferrin, comprising: S1, dissolving native lactoferrin powder in purified water and dialyzing it against an iron-removal buffer and then purified water; S2, vacuum-freeze-drying to obtain iron-depleted lactoferrin powder, dissolving the powder in binding buffer, and adding zinc sulfate; S3, dialyzing the post-binding solution against binding buffer and then purified water; and S4, vacuum-freeze-drying to obtain zinc-loaded lactoferrin powder. _x000D_ 8. Zinc-loaded lactoferrin prepared by any one of claims 1–7.","Protein type > Whey protein > Lactoferrin | Separation method > Membrane separation > Filtration, ultrafiltration, or reverse osmosis | Protein function > Antioxidant activity","Protein type > Whey protein > Lactoferrin","Protein function > Antioxidant activity","Separation method > Membrane separation > Filtration, ultrafiltration, or reverse osmosis","milk_protein_labeling_testset/test_gold.csv","legacy_path_reference_only_do_not_override_v2_rules"
"T009","CN118726517A","Method for preparing fresh-milk-grade bioactive casein peptides","The invention provides a method for preparing fresh-milk-grade bioactive casein peptides. Sequential hydrolysis with an alkaline protease and a flavor protease is performed under controlled temperature, pH, and time conditions, followed by membrane separation to obtain peptides having an average molecular weight below 1 kDa. The source reports favorable bioavailability and antifatigue activity supporting rapid physical recovery.","1. A method for preparing fresh-milk-grade bioactive casein peptides, comprising: (1) dissolving casein micelle powder to prepare a casein solution; (2) hydrolyzing the solution with an alkaline protease, separating it with a 5 kDa ceramic membrane, and hydrolyzing the permeate with a flavor protease; wherein alkaline-protease hydrolysis uses pH 6–9, 50–70 °C, and 2–4 h, and flavor-protease hydrolysis uses pH 5–8, 50–60 °C, and 3–4 h; and (3) passing the hydrolysate through a 1 kDa ceramic membrane to obtain the peptides. _x000D_ 7. A fresh-milk-grade bioactive casein peptide or peptide powder produced according to [source excerpt ends here].","Protein type > Other milk proteins > Milk-derived peptide | Separation method > Membrane separation | Protein function > Antioxidant activity","Protein type > Other milk proteins > Milk-derived peptide","Protein function > Antioxidant activity","Separation method > Membrane separation","milk_protein_labeling_testset/test_gold.csv","legacy_path_reference_only_do_not_override_v2_rules"
"T010","CN111801109B","Peptide capable of improving cognitive function","The invention provides a peptide that inhibits deterioration of cognitive function and improves cognitive function, together with uses of the peptide. The tripeptide Tyr-Leu-Gly is used as an active ingredient in a composition for improving cognitive function or increasing expression of brain-derived neurotrophic factor in the hippocampus. The compositions include food, food-additive, and pharmaceutical compositions.","1. Use of the tripeptide Tyr-Leu-Gly in manufacturing a composition for improving insulin resistance.","Protein type > Other milk proteins > Milk-derived peptide | Protein function > Glycemic control | Protein function > Protection against neurodegeneration","Protein type > Other milk proteins > Milk-derived peptide","Protein function > Glycemic control | Protein function > Protection against neurodegeneration","","milk_protein_labeling_testset/test_gold.csv","legacy_path_reference_only_do_not_override_v2_rules"
"T011","CN118575955A","Nutritional composition containing milk fat and immunoglobulin","A synthetic nutritional composition comprising ruminant milk fat capable of activating the aryl hydrocarbon receptor (AhR) in an AhR activity assay, and ruminant immunoglobulin.","1. A synthetic nutritional composition comprising: i. ruminant milk fat capable of activating AhR in an AhR activity assay; and ii. 115 micrograms to 50 mg ruminant immunoglobulin per gram of dry composition, at least 30% of which is non-denatured; wherein milk fat is present at 10–60 g per 100 g formula and ruminant fat is 5–90 wt% of total fat. _x000D_ 14. Use of the composition of any of claims 1–13 in a preterm-infant, infant, follow-on, or young-child formula.","Protein type > Whey protein > Lactoferrin | Protein function > Immune modulation | Protein function > Supports gut health","Protein type > Whey protein > Lactoferrin","Protein function > Immune modulation | Protein function > Supports gut health","","milk_protein_labeling_testset/test_gold.csv","legacy_path_reference_only_do_not_override_v2_rules"
"T012","CN117941742B","Nutritional composition for promoting protein absorption and use thereof","The invention discloses a nutritional composition for promoting protein absorption. It contains alpha-lactalbumin, beta-casein, and a magnesium salt at respective mass ratios of (0.9–9.2):(1.1–9.0):(0.02–0.08); alpha-lactalbumin is 9–50% and beta-casein 10.5–60% of total protein. The composition promotes protein absorption, increases total free-amino-acid absorption, and promotes expression of amino-acid transporter SLC6A14 and oligopeptide transporter PEPT1.","1. Use of a nutritional composition, or food containing it, to prepare a product that promotes protein absorption, wherein the composition contains alpha-lactalbumin, beta-casein, and magnesium at a mass ratio of (2.2–6.5):(2.2–6.4):(0.02–0.08), alpha-lactalbumin is 21–44% and beta-casein 26–56% of total protein, increased total free-amino-acid absorption is included, and the magnesium salt is magnesium chloride. _x000D_ 2. Use of such a composition to prepare a product promoting expression of amino-acid transporter SLC6A14, wherein [source excerpt ends here].","Protein type > Whey protein > Alpha-lactalbumin | Protein type > Casein > Beta-casein | Protein function > Promotes digestion","Protein type > Whey protein > Alpha-lactalbumin | Protein type > Casein > Beta-casein","Protein function > Promotes digestion","","milk_protein_labeling_testset/test_gold.csv","legacy_path_reference_only_do_not_override_v2_rules"
"T013","CN118320065A","Composition for mitigating muscle loss and promoting myogenic differentiation, and use thereof","The invention concerns a composition for mitigating muscle loss and promoting myogenic differentiation. A selected concentration of lactoferrin combined with creatine is used for nutritional intervention in an aging mouse model induced by long-term D-galactose injection. Compared with model, lactoferrin-only, and creatine-only groups, treated mice reportedly showed improved muscle strength, mass, function, and lean content. The source proposes the combination for suppressing the onset and progression of skeletal-muscle aging and for preventing or improving sarcopenia.","1. A composition for mitigating muscle loss and promoting myogenic differentiation, comprising lactoferrin and creatine at a weight ratio of 4:1 to 6:1, with creatine administered at 83 mg/kg/day. _x000D_ 2. Use of the composition to improve muscle mass, strength, and function. _x000D_ 4. A food, health food, or medicine containing the composition for those uses. _x000D_ 5. A food, health food, or medicine containing the composition for promoting myogenic differentiation.","Protein type > Whey protein > Lactoferrin | Protein function > Bone health | Protein function > Muscle development","Protein type > Whey protein > Lactoferrin","Protein function > Bone health | Protein function > Muscle development","","milk_protein_labeling_testset/test_gold.csv","legacy_path_reference_only_do_not_override_v2_rules"
"T014","CN118320064A","Use of lactoferrin to mitigate muscle loss and promote myogenic differentiation","The invention concerns use of lactoferrin to mitigate muscle loss and promote myogenic differentiation. A selected concentration of lactoferrin is used for nutritional intervention in an aging mouse model induced by long-term D-galactose injection. Treated mice reportedly showed improved muscle strength, mass, function, and lean content compared with the model group. The source states that lactoferrin nutritional intervention may help prevent and improve sarcopenia.","1. Use of lactoferrin to mitigate muscle loss and promote myogenic differentiation, specifically to improve muscle mass, strength, and function. _x000D_ 2. The use of claim 1, wherein lactoferrin is administered at 500 mg/kg/day.","Protein type > Whey protein > Lactoferrin | Protein function > Bone health | Protein function > Muscle development","Protein type > Whey protein > Lactoferrin","Protein function > Bone health | Protein function > Muscle development","","milk_protein_labeling_testset/test_gold.csv","legacy_path_reference_only_do_not_override_v2_rules"
"T015","CN118320066A","Composition for mitigating muscle loss and promoting myogenic differentiation, and use thereof","The invention concerns a composition of lactoferrin and coenzyme Q for mitigating muscle loss and promoting myogenic differentiation. A selected concentration is used for nutritional intervention in an aging mouse model induced by long-term D-galactose injection. Treated mice reportedly showed improved muscle strength, mass, function, and lean content compared with the model group. The source states that the lactoferrin intervention may help prevent and improve sarcopenia.","1. A composition for mitigating muscle loss and promoting myogenic differentiation, comprising lactoferrin and coenzyme Q at a mass ratio of 50:1. _x000D_ 2. Use of the composition of claim 1 to improve muscle mass, strength, and function.","Protein type > Whey protein > Lactoferrin | Protein function > Bone health | Protein function > Muscle development","Protein type > Whey protein > Lactoferrin","Protein function > Bone health | Protein function > Muscle development","","milk_protein_labeling_testset/test_gold.csv","legacy_path_reference_only_do_not_override_v2_rules"
"T016","CN118252256A","Composition, use thereof, and food","The invention provides a composition of milk-fat-globule-membrane-rich whey-protein powder and casein-glycomacropeptide-rich whey-protein powder at a mass ratio of (1–10):1. The source reports a synergistic effect on intestinal development, with material increases in villus height and the villus-to-crypt ratio.","1. A composition consisting of milk-fat-globule-membrane-rich whey-protein powder and casein-glycomacropeptide-rich whey-protein powder at a mass ratio of (1–10):1. _x000D_ 6. Use of the composition of any of claims 1–5 to prepare a product promoting intestinal development. _x000D_ 8. A food comprising the composition of any of claims 1–5.","Protein type > Casein > Casein glycomacropeptide | Protein type > Other milk proteins > Milk-fat-globule membrane protein | Protein function > Supports gut health","Protein type > Casein > Casein glycomacropeptide | Protein type > Other milk proteins > Milk-fat-globule membrane protein","Protein function > Supports gut health","","milk_protein_labeling_testset/test_gold.csv","legacy_path_reference_only_do_not_override_v2_rules"
"T017","CN117796531B","Composite protein composition for increasing muscle circumference and preparation method thereof","The invention provides a composite protein composition containing whey-protein concentrate powder, whey-protein isolate powder, hydrolyzed whey-protein powder, bovine-colostrum powder, alpha-lactalbumin, zinc gluconate, and magnesium carbonate. The source reports a simple formulation, high nutritional value, easier absorption, enhanced muscle-tissue growth, and improved muscle-fiber recovery.","1. A composition containing, by weight, 60–90 parts whey-protein concentrate powder, 2–15 parts whey-protein isolate powder, 0.2–5 parts hydrolyzed whey-protein powder, 0.2–2 parts bovine-colostrum powder, 0.2–2 parts alpha-lactalbumin, 0.04–0.2 parts zinc gluconate, and 0.8–3 parts magnesium carbonate. _x000D_ 5. A method for preparing the composition of any of claims 1–4 by mixing those ingredients. _x000D_ 6. A composition comprising the same listed ingredients in specified parts by weight [source excerpt ends here].","Protein type > Whey protein > Alpha-lactalbumin | Protein type > Other milk proteins > Hydrolyzed protein | Protein function > Muscle development","Protein type > Whey protein > Alpha-lactalbumin | Protein type > Other milk proteins > Hydrolyzed protein","Protein function > Muscle development","","milk_protein_labeling_testset/test_gold.csv","legacy_path_reference_only_do_not_override_v2_rules"
"T018","CN117838834B","Composition for delaying cognitive decline and use thereof","The invention provides a composition containing milk-fat-globule-membrane glycoprotein, milk phospholipids, milk-derived peptides, vitamin B12, and theanine. The source reports that it delays cognitive decline by improving hippocampal morphology, synaptic-protein expression, the blood–brain barrier, and gut microbiota and by inhibiting hippocampal neuroinflammation, thereby delaying neurodegenerative disorders such as Alzheimer disease.","1. A composition for assisting memory improvement, comprising milk-fat-globule-membrane glycoprotein, milk phospholipids, milk-derived peptides, vitamin B12, and theanine at a mass ratio of 150–250:80–120:150–250:18–22:4–6. _x000D_ 4. Use of the composition of any of claims 1–3 to prepare a health product or medicine that assists memory improvement and/or regulates gut microbiota. _x000D_ 5. A further use of the composition for one or more specified purposes [source excerpt ends here].","Protein type > Other milk proteins > Milk-fat-globule membrane protein | Protein type > Other milk proteins > Milk-derived peptide | Protein function > Supports gut health | Protein function > Protection against neurodegeneration","Protein type > Other milk proteins > Milk-fat-globule membrane protein | Protein type > Other milk proteins > Milk-derived peptide","Protein function > Supports gut health | Protein function > Protection against neurodegeneration","","milk_protein_labeling_testset/test_gold.csv","legacy_path_reference_only_do_not_override_v2_rules"
"T019","CN115500398B","Beta-casein-rich formulated dairy product and preparation method thereof","The invention discloses a beta-casein-rich formulated dairy product prepared from selected quantities of raw milk solids, demineralized whey powder, beta-casein, lactose, crystalline fructose, fructooligosaccharides, cream fat, blended vegetable oil, whey-protein concentrate, vitamins, minerals, salts, emulsifier, and water totaling 1,000 parts. Because beta-casein forms a softer gastric curd, the source states that it is easier to digest and may benefit children, pregnant people, older adults, and others with sensitive digestion.","1. A beta-casein-rich infant-formula powder containing specified parts by weight of demineralized whey powder, beta-casein powder, lactose, cream fat, blended vegetable oil, whey-protein concentrate, vitamins, minerals, calcium, phosphate, sodium and potassium salts, and water, totaling 1,000 parts; wherein beta-casein is prepared by: (1) microfiltering raw milk through a ceramic membrane to obtain retentate I, using a membrane pore size of 50–100 nm and specified processing conditions [source excerpt ends here].","Protein type > Casein > Beta-casein | Protein function > Supports gut health | Protein function > Promotes digestion","Protein type > Casein > Beta-casein","Protein function > Supports gut health | Protein function > Promotes digestion","","milk_protein_labeling_testset/test_gold.csv","legacy_path_reference_only_do_not_override_v2_rules"
"T020","CN117204502B","Method for preparing a beta-casein phosphopeptide product and use thereof","The invention prepares a beta-casein phosphopeptide product by dissolving and enzymatically hydrolyzing beta-casein, performing non-specific separation, and enriching the separated liquid. The source reports food-safety compliance, low cost, convenient elution, high efficiency, and industrial scalability. Its beta-CPP content is described as closer to human milk, with favorable infant digestion and absorption and promotion of calcium, iron, zinc, selenium, and manganese absorption. Proposed uses include infant formula, complementary food, formulated milk and milk powder, cheese, beverages, and cereals.","1. A method comprising: S1, dissolving beta-casein and performing a first hydrolysis with pepsin, then a second hydrolysis with amylase, lipase, trypsin, chymotrypsin, and elastase, followed by heat inactivation; the first hydrolysis is at 35–39 °C for 1–2 h and the second at 40–55 °C, pH 7.0–8.0, for 1–2 h; S2, non-specifically separating the hydrolysate; and S3, enriching the separated liquid with surface-modified mesoporous amorphous calcium-phosphate microspheres to obtain beta-casein phosphopeptide [source excerpt ends here].","Protein type > Other milk proteins > Milk-derived peptide | Separation method > Targeted enzymatic hydrolysis | Separation method > Chromatography | Protein function > Promotes digestion","Protein type > Other milk proteins > Milk-derived peptide","Protein function > Promotes digestion","Separation method > Targeted enzymatic hydrolysis | Separation method > Chromatography","milk_protein_labeling_testset/test_gold.csv","legacy_path_reference_only_do_not_override_v2_rules"
"T021","CN117837638A","Nutritional composition containing bovine colostrum and lactoferrin, food, and use","The invention concerns a nutritional composition consisting of bovine colostrum and 0.002–5.0 parts lactoferrin per part by mass of colostrum, food containing the composition, and non-therapeutic use of colostrum and/or lactoferrin to improve immunity and gut microbiota in offspring of older mothers through maternal transfer while also improving maternal immunity.","1. A nutritional composition consisting of bovine colostrum and 0.002–5.0 parts by mass lactoferrin per part of colostrum. _x000D_ 5. A food comprising the composition of any of claims 1–4. _x000D_ 9. Non-therapeutic use of bovine colostrum and/or lactoferrin through maternal transfer to improve immunity and gut microbiota in offspring fed by older mothers and simultaneously improve maternal immunity.","Protein type > Whey protein > Lactoferrin | Protein function > Immune modulation | Protein function > Supports gut health","Protein type > Whey protein > Lactoferrin","Protein function > Immune modulation | Protein function > Supports gut health","","milk_protein_labeling_testset/test_gold.csv","legacy_path_reference_only_do_not_override_v2_rules"
"T022","CN115997937B","Milk-fat-globule-membrane-containing nutritional composition, use, and food","The invention provides a nutritional composition containing a milk-fat-globule-membrane component (MFGM) and a basic-protein component, with a basic-protein-to-MFGM mass ratio of at least 1:100. The source reports synergistic benefits for bone development, bone mineral density, and bone metabolism.","1. A nutritional composition comprising MFGM and colostrum basic protein (CBP) at a CBP:MFGM mass ratio of 1:100 to 1:10. _x000D_ 4. A nutritional or health food comprising, or prepared using, the composition of any of claims 1–3. _x000D_ 9. Non-therapeutic use of the composition of claims 1–3 or food of claims 4–8 to promote bone health.","Protein type > Whey protein > Milk basic protein | Protein type > Other milk proteins > Milk-fat-globule membrane protein | Protein function > Bone health","Protein type > Whey protein > Milk basic protein | Protein type > Other milk proteins > Milk-fat-globule membrane protein","Protein function > Bone health","","milk_protein_labeling_testset/test_gold.csv","legacy_path_reference_only_do_not_override_v2_rules"
"T023","CN117441900B","Functional nutritional composition and use thereof","The invention concerns a functional nutritional composition containing casein phosphopeptide and a Bifidobacterium probiotic at effective quantities of 50–380 mg and 1.00 × 10^9–1.20 × 10^11 CFU, respectively. Compared with either component alone, the source reports stronger immune enhancement and favorable antioxidant activity.","1. Use of a functional nutritional composition to prepare a composition that improves human immunity and/or antioxidant capacity, comprising casein phosphopeptide and Bifidobacterium longum subsp. longum BB536 at effective quantities of 120–380 mg and 1.00 × 10^9–1.20 × 10^11 CFU, respectively. _x000D_ 7. A further use of the functional nutritional composition to prepare a product having those effects [source excerpt ends here].","Protein type > Other milk proteins > Milk-derived peptide | Protein function > Immune modulation | Protein function > Antioxidant activity","Protein type > Other milk proteins > Milk-derived peptide","Protein function > Immune modulation | Protein function > Antioxidant activity","","milk_protein_labeling_testset/test_gold.csv","legacy_path_reference_only_do_not_override_v2_rules"
"T024","CN113660867B","Nutritional composition exhibiting phase separation under gastric conditions and preparation method thereof","The invention concerns ready-to-use powdered infant or growing-up formula with selected gastric-digestion properties. The composition contains casein, whey protein containing alpha-lactalbumin and beta-lactoglobulin, and protein-coated fat droplets. Protein is 5–20 wt% of total solids, alpha-lactalbumin plus beta-lactoglobulin is at least 25 wt% of total protein, fat is 10–50 wt% of total solids, and the droplets carry 2–10 mg/m² protein, with a specified casein-to-whey-protein ratio on the droplets [source excerpt ends here].","1. A nutritional composition containing casein, whey protein containing alpha-lactalbumin and beta-lactoglobulin, and protein-coated fat droplets, wherein protein is 5–20 wt% of total solids, alpha-lactalbumin plus beta-lactoglobulin is at least 25 wt% of total protein, fat is 10–50 wt% of total solids, the droplets have an average protein load of 2–10 mg/m², and their casein:(alpha-lactalbumin + beta-lactoglobulin) ratio is at least four times the corresponding ratio in the overall composition. _x000D_ 22. A method according to claims 1–19 [source excerpt ends here].","Protein type > Whey protein > Alpha-lactalbumin | Protein type > Whey protein > Beta-lactoglobulin | Protein type > Casein | Protein function > Promotes digestion","Protein type > Whey protein > Alpha-lactalbumin | Protein type > Whey protein > Beta-lactoglobulin | Protein type > Casein","Protein function > Promotes digestion","","milk_protein_labeling_testset/test_gold.csv","legacy_path_reference_only_do_not_override_v2_rules"
"T026","EP4137511A4","New composition for use to treat and prevent infections by COVID-19 and other coronaviruses","Disclosed is a food-supplement composition for treating and preventing COVID-19 and other coronavirus infections. It includes liposome-encapsulated lactoferrin as an essential active ingredient and secondary active ingredients such as a zinc salt and vitamin C, also liposome-encapsulated [source excerpt ends here].","1. A composition for treating and preventing COVID-19 and other coronavirus infections, wherein the main active ingredient is liposomal lactoferrin. _x000D_ 8. Use of the composition of the preceding claims to treat and prevent such infections at the specified doses [source excerpt ends here].","Protein type > Whey protein > Lactoferrin | Protein function > Muscle development | Protein function > Treatment of respiratory disease","Protein type > Whey protein > Lactoferrin","Protein function > Muscle development | Protein function > Treatment of respiratory disease","","milk_protein_labeling_testset/test_gold.csv","legacy_path_reference_only_do_not_override_v2_rules"
"T027","CN117337994A","Functional composition and use thereof","The invention provides a composition containing osteopontin and one or more Bifidobacterium probiotics at an osteopontin-mass-to-probiotic-count ratio of 1 g:(8 × 10^9–3.33 × 10^12) CFU. Compared with either component alone, the source reports stronger immune enhancement, prevention and/or treatment of viral respiratory infection, and inhibition of inflammatory responses.","1. A composition comprising osteopontin and one or more Bifidobacterium probiotics at a ratio of 1 g osteopontin to (8 × 10^9–3.33 × 10^12) CFU. _x000D_ 4. Use of the composition of any of claims 1–3 to prepare a product that enhances immunity and/or inhibits inflammation. _x000D_ 7. Use to prepare a product for preventing and/or treating viral respiratory disease [source excerpt ends here].","Protein type > Whey protein > Osteopontin | Protein function > Immune modulation | Protein function > Treatment of respiratory disease","Protein type > Whey protein > Osteopontin","Protein function > Immune modulation | Protein function > Treatment of respiratory disease","","milk_protein_labeling_testset/test_gold.csv","legacy_path_reference_only_do_not_override_v2_rules"
"T028","CN117304296A","Donkey-milk whey-protein peptides and preparation method thereof","The invention prepares antioxidant peptides from donkey-milk whey protein by heat denaturation, protease treatment with ultrasound-assisted hydrolysis, freeze-drying, grinding, and sieving. The source reports a high degree of hydrolysis, uniform off-white powder with acceptable flavor, favorable processing behavior, a clear aqueous solution without refrigerated precipitation, and antioxidant activity for food, additive, and health-product uses.","1. Donkey-milk whey-protein peptide powder obtained by heating a whey-protein solution at high temperature, adding protease, applying ultrasound-assisted hydrolysis, and freeze-drying. _x000D_ 2. A method comprising: (1) heat-denaturing the solution and adjusting pH; (2) adding protease, applying ultrasound, hydrolyzing at 40–55 °C for 4 h while adjusting pH hourly with 1 M HCl or NaOH, heat-inactivating for 10 min, centrifuging at 8,000–10,000 rpm for 10–15 min, and collecting supernatant; and (3) freeze-drying [source excerpt ends here].","Protein type > Other milk proteins > Milk-derived peptide | Separation method > Non-membrane physical separation | Separation method > Targeted enzymatic hydrolysis | Protein function > Antioxidant activity","Protein type > Other milk proteins > Milk-derived peptide","Protein function > Antioxidant activity","Separation method > Non-membrane physical separation | Separation method > Targeted enzymatic hydrolysis","milk_protein_labeling_testset/test_gold.csv","legacy_path_reference_only_do_not_override_v2_rules"
"T029","CN117137008A","Nutritional supplement for pregnant and lactating people and preparation method thereof","The composition contains 2,510–3,860 parts milk-protein components, 50–100 parts dietary fiber, 20–30 parts oils, vitamins, and minerals. Milk protein includes raw milk, added whey proteins, and skim milk; the whey fraction includes alpha-lactalbumin, milk-fat-globule-membrane protein, and osteopontin, with alpha-lactalbumin at 0.5–10 wt%. Skim-milk fat is at most 2 wt%, oil contains at least 70 wt% oleic acid, and dietary fiber contains at least 90 wt% resistant dextrin.","1. A nutritional supplement for pregnant and lactating people comprising, by weight, 2,510–3,860 parts milk-protein components, 50–100 parts dietary fiber, 20–30 parts oils, vitamins, and minerals; wherein milk protein includes raw milk, added whey proteins containing alpha-lactalbumin and milk-fat-globule-membrane protein, and skim milk containing no more than 2 wt% fat; oil contains at least 70 wt% oleic acid; and fiber contains at least 90 wt% resistant dextrin. _x000D_ 7. The composition of any of claims 1–6 [source excerpt ends here].","Protein type > Whey protein > Alpha-lactalbumin | Protein type > Whey protein > Osteopontin | Protein type > Other milk proteins > Milk-fat-globule membrane protein | Protein function > Glycemic control","Protein type > Whey protein > Alpha-lactalbumin | Protein type > Whey protein > Osteopontin | Protein type > Other milk proteins > Milk-fat-globule membrane protein","Protein function > Glycemic control","","milk_protein_labeling_testset/test_gold.csv","legacy_path_reference_only_do_not_override_v2_rules"
"T030","CN117016792A","Gel confection with iron-supplementing and antimicrobial effects and preparation method thereof","The invention prepares a gel confection by forming a lactoferrin–thymol complex, preparing a jelly liquid, and forming the jelly. The source reports iron supplementation, antimicrobial action, enhanced immunity, and antioxidant activity together with convenient consumption and flavor.","1. A gel confection comprising specified percentages of konjac gum, pectin, xanthan gum, carrageenan, agar, 0.04–0.1% lactoferrin, 0.005–0.01% thymol, ferrous carbonate, sucralose, citric acid, coloring, and water; wherein ethanol in the lactoferrin/thymol solution does not exceed 0.5%, lactoferrin is compounded at 30–45 °C to retain activity, and ferrous carbonate supplies iron ions [source excerpt ends here].","Protein type > Whey protein > Lactoferrin | Protein function > Immune modulation | Protein function > Antimicrobial or antiviral activity | Protein function > Antioxidant activity | Protein function > Treatment of anemia","Protein type > Whey protein > Lactoferrin","Protein function > Immune modulation | Protein function > Antimicrobial or antiviral activity | Protein function > Antioxidant activity | Protein function > Treatment of anemia","","milk_protein_labeling_testset/test_gold.csv","legacy_path_reference_only_do_not_override_v2_rules"
"T031","CN116584653A","Use of a composition to prevent or relieve infant colic","The invention uses a composition to prepare food or medicine for preventing, reducing, or relieving infant colic or symptoms described in the source as infant internal heat. The composition contains palmitic-acid glyceride, alpha-lactalbumin, beta-casein, and at least one specified Bifidobacterium strain; at least 15 wt% of the glyceride, calculated as palmitic acid, is sn-2 palmitate.","1. Use of a composition to prepare food for preventing, reducing, or relieving infant colic, comprising palmitic-acid glyceride, alpha-lactalbumin, beta-casein, and Bifidobacterium BB12 and HN019; at least 30 wt% of the glyceride is sn-2 palmitate; the three principal components are at a weight ratio of (1–10):(1–10):(1–10); live Bifidobacterium count is 10^7–10^13 CFU per gram alpha-lactalbumin; and the BB12:HN019 count ratio is specified [source excerpt ends here].","Protein type > Whey protein > Alpha-lactalbumin | Protein type > Casein > Beta-casein | Protein function > Supports gut health | Protein function > Sedative or analgesic effect","Protein type > Whey protein > Alpha-lactalbumin | Protein type > Casein > Beta-casein","Protein function > Supports gut health | Protein function > Sedative or analgesic effect","","milk_protein_labeling_testset/test_gold.csv","legacy_path_reference_only_do_not_override_v2_rules"
"T032","CN116530575A","Method for improving protein digestibility in food, protein composition, and food containing it","The invention improves protein digestibility by controlling alpha-lactalbumin to 10.5–51.0% and beta-casein to 10.0–40.0% of total food protein. It also provides a protein composition and food containing it. The source reports materially improved whey-protein digestibility.","1. A method for improving protein digestibility in food by setting alpha-lactalbumin at 10.5–51.0% and beta-casein at 10.0–40.0% of total protein. _x000D_ 11. A protein composition containing those proportions. _x000D_ 18. A food containing the composition of any of claims 11–16 and those protein proportions, preferably 15.0–51.0% alpha-lactalbumin [source excerpt ends here].","Protein type > Whey protein > Alpha-lactalbumin | Protein type > Casein > Beta-casein | Protein function > Promotes digestion","Protein type > Whey protein > Alpha-lactalbumin | Protein type > Casein > Beta-casein","Protein function > Promotes digestion","","milk_protein_labeling_testset/test_gold.csv","legacy_path_reference_only_do_not_override_v2_rules"
"T033","CN116490081A","Native whey-protein composition for improving gastrointestinal tolerance","The invention concerns a pasteurized native whey-protein composition containing a substantial quantity of native whey protein and beta-casein for treating and/or preventing gastrointestinal intolerance. The source reports that relatively high beta-casein with relatively low kappa- and alpha-casein provides a beneficial effect.","1. A pasteurized native whey-protein composition containing beta-casein and native whey protein for treating and/or preventing gastrointestinal intolerance. _x000D_ 17. A nutritional composition containing 3–7 g lipid, 1.25–5 g protein, and 6–18 g digestible carbohydrate per 100 kcal, wherein the protein fraction consists of whey protein and beta-casein and is substantially free of alpha- and kappa-casein, optionally contains added free amino acids, and has a specified whey-protein-to-beta-casein ratio [source excerpt ends here].","Protein type > Whey protein | Protein type > Casein > Beta-casein | Separation method > Membrane separation > Filtration, ultrafiltration, or reverse osmosis | Protein function > Supports gut health","Protein type > Whey protein | Protein type > Casein > Beta-casein","Protein function > Supports gut health","Separation method > Membrane separation > Filtration, ultrafiltration, or reverse osmosis","milk_protein_labeling_testset/test_gold.csv","legacy_path_reference_only_do_not_override_v2_rules"
"T034","CN116391759A","Composition for reducing the risk of infection caused by Escherichia coli and use thereof","The composition contains one or more bovine-milk-derived active ingredients: lactoferrin, osteopontin, milk-fat-globule membrane, or 6′-sialyllactose. The source reports that lactoferrin directly kills E. coli; the other ingredients enhance that activity; and all four reduce E. coli adhesion to intestinal epithelium, providing synergistic killing and anti-adhesion effects.","1. A composition for reducing the risk of E. coli infection, comprising one or more bovine-milk-derived active ingredients selected from lactoferrin, osteopontin, milk-fat-globule membrane, and 6′-sialyllactose. _x000D_ 8. Use of the composition of any of claims 1–7 to prepare infant formula or a nutritional-composition product.","Protein type > Whey protein > Lactoferrin | Protein type > Whey protein > Osteopontin | Protein type > Other milk proteins > Milk-fat-globule membrane protein | Protein function > Antimicrobial or antiviral activity","Protein type > Whey protein > Lactoferrin | Protein type > Whey protein > Osteopontin | Protein type > Other milk proteins > Milk-fat-globule membrane protein","Protein function > Antimicrobial or antiviral activity","","milk_protein_labeling_testset/test_gold.csv","legacy_path_reference_only_do_not_override_v2_rules"
"T035","AU2021269327A1","A method for producing a lactoferrin powder and uses thereof","Disclosed is a process for producing lactoferrin powder by extracting lactoferrin from a native lactoferrin-containing substance and concentrating it to form a liquid concentrate in which lactoferrin has improved heat stability [source excerpt ends here].","1. A process for producing lactoferrin powder, comprising extracting lactoferrin from a native lactoferrin-containing substance, concentrating it to produce a liquid concentrate having improved lactoferrin heat stability, and heating the concentrate [source excerpt ends here].","Protein type > Whey protein > Lactoferrin | Separation method > Membrane separation > Filtration, ultrafiltration, or reverse osmosis | Separation method > Chromatography > Ion exchange | Protein function > Antimicrobial or antiviral activity","Protein type > Whey protein > Lactoferrin","Protein function > Antimicrobial or antiviral activity","Separation method > Membrane separation > Filtration, ultrafiltration, or reverse osmosis | Separation method > Chromatography > Ion exchange","milk_protein_labeling_testset/test_gold.csv","legacy_path_reference_only_do_not_override_v2_rules"
"T036","JP7265322B2","Agent for suppressing exercise-induced inhibition of iron absorption and method for producing it","The invention provides an agent intended to suppress impaired iron utilization in vivo without a reported adverse-effect risk. It contains a milk-derived protein hydrolysate, preferably contains no iron, is taken before exercise, and is dosed at 0.01–5 g/kg body weight per day. Production includes hydrolyzing milk-derived protein with a protease such as a microbial protease.","Claim 1. An agent for suppressing exercise-induced inhibition of iron absorption, containing a whey-protein-isolate hydrolysate as an active ingredient, wherein the peptide has a number-average molecular weight of 400–800, a weight-average molecular weight of 500–1,200, and a weight-average-to-number-average molecular-weight ratio of 1.0–1.4.","Protein type > Other milk proteins > Milk-derived peptide | Protein function > Supports gut health | Protein function > Treatment of anemia","Protein type > Other milk proteins > Milk-derived peptide","Protein function > Supports gut health | Protein function > Treatment of anemia","","milk_protein_labeling_testset/test_gold.csv","legacy_path_reference_only_do_not_override_v2_rules"
"T037","CN115992195A","Preparation and use of buffalo-casein hydrolysate peptides for promoting bone development","The method dissolves buffalo casein, performs simulated gastric digestion at pH 3.0 and 37 °C with calcium chloride, pepsin, and gastric lipase, then simulated intestinal digestion at pH 7.0 and 37 °C with bile salts, calcium chloride, and pancreatin. Membrane separation collects permeate below 1 kDa, which is concentrated and dried. The source reports high hydrolysis efficiency and 1.5–3.5% target functional peptides.","1. A method comprising: S1, dissolving buffalo casein in water at 42–48 °C; S2, adjusting to pH 3.0, adding an equal volume of simulated gastric fluid plus calcium chloride, pepsin, and gastric lipase, and incubating at 37 °C for 0.1–2 h; S3, adjusting to pH 7.0, adding simulated intestinal fluid, bile salts, calcium chloride, and pancreatin, and incubating at 37 °C for 0.1–2 h; and S4 [source excerpt ends here].","Protein type > Other milk proteins > Milk-derived peptide | Separation method > Targeted enzymatic hydrolysis | Protein function > Bone health","Protein type > Other milk proteins > Milk-derived peptide","Protein function > Bone health","Separation method > Targeted enzymatic hydrolysis","milk_protein_labeling_testset/test_gold.csv","legacy_path_reference_only_do_not_override_v2_rules"
"T038","CN111227046B","Use of a dairy product to improve intestinal SIgA levels in infants and young children","The invention uses a dairy product to prepare food or medicine for improving intestinal SIgA or preventing or treating immune or gastrointestinal disease caused by abnormal SIgA. The product contains protein sources including animal milk, milk powder, whey-protein powder, and beta-casein, with alpha-lactalbumin and beta-casein; a fat source containing palmitic-acid glyceride with at least 15 wt% sn-2 palmitate; and at least one specified Bifidobacterium.","1. Use of a dairy product to prepare medicine for preventing or treating immune or gastrointestinal disease caused by abnormally elevated intestinal SIgA in infants, including allergy, celiac disease, inflammatory bowel disease, or gastrointestinal mucosal injury; wherein the product contains alpha-lactalbumin and beta-casein, palmitic-acid glyceride with at least 30 wt% sn-2 palmitate, and a specified Bifidobacterium [source excerpt ends here].","Protein type > Whey protein > Alpha-lactalbumin | Protein type > Casein > Beta-casein | Protein function > Immune modulation | Protein function > Supports gut health","Protein type > Whey protein > Alpha-lactalbumin | Protein type > Casein > Beta-casein","Protein function > Immune modulation | Protein function > Supports gut health","","milk_protein_labeling_testset/test_gold.csv","legacy_path_reference_only_do_not_override_v2_rules"
"T039","CN115594748A","Alpha-lactalbumin peptides and preparation method and use thereof","The method subjects an alpha-lactalbumin emulsion to ultra-high pressure and then hydrolyzes it with pepsin and trypsin. The source reports that pressure treatment alters antioxidant properties and structure and that subsequent hydrolysis materially increases antioxidant-peptide content and antioxidant activity.","1. A method for preparing alpha-lactalbumin peptides by ultra-high-pressure treatment of an alpha-lactalbumin emulsion followed by enzymatic hydrolysis with pepsin and trypsin. _x000D_ 9. Alpha-lactalbumin peptides produced by any of claims 1–8. _x000D_ 10. Use of the peptides in a pharmaceutical, food, or food additive, preferably having antioxidant function.","Protein type > Other milk proteins > Milk-derived peptide | Protein function > Antioxidant activity | Protein function > Promotes digestion","Protein type > Other milk proteins > Milk-derived peptide","Protein function > Antioxidant activity | Protein function > Promotes digestion","","milk_protein_labeling_testset/test_gold.csv","legacy_path_reference_only_do_not_override_v2_rules"
"T040","JP7198749B2","Nutritional composition","The invention provides an acidic, high-calorie nutritional composition with favorable flavor and stable physical properties. Its protein source contains whey protein and whey peptides totaling at least 80 wt% of the protein source; its protein-energy ratio is at least 16% but below 50%; and its caloric density is at least 100 kcal/100 mL.","Claim 1. A fluid nutritional composition containing whey protein and whey peptides totaling at least 80 wt% of the protein source at a whey-protein-to-whey-peptide ratio of 5:1 to 1:10, having a protein-energy ratio of at least 16% but below 50%, a caloric density of at least 100 kcal/100 mL, 1–100 mg EPA/100 kcal, and 1–100 mg DHA/100 kcal [source excerpt ends here].","Protein type > Other milk proteins > Milk-derived peptide | Protein function > Bone health | Protein function > Muscle development","Protein type > Other milk proteins > Milk-derived peptide","Protein function > Bone health | Protein function > Muscle development","","milk_protein_labeling_testset/test_gold.csv","legacy_path_reference_only_do_not_override_v2_rules"
"T041","CN115517368A","Whey-protein powder for post-exercise recovery and preparation method thereof","The powder consists of casein glycomacropeptide and whey-protein powder at a mass ratio of 1:(3–6). The source reports very low lactose and fat, abundant essential amino acids, improved muscle insulin sensitivity and glutamine, support for muscle-protein synthesis and repair, post-exercise recovery, and reduced muscle and bone loss; it also describes nutritional uses for people with diabetes, cancer, or lactose intolerance.","1. A whey-protein powder for post-exercise recovery consisting of casein glycomacropeptide (CGMP) and whey-protein powder (SP-9225).","Protein type > Whey protein > WPC80 | Protein type > Casein > Casein glycomacropeptide | Separation method > Membrane separation > Filtration, ultrafiltration, or reverse osmosis | Protein function > Glycemic control | Protein function > Bone health","Protein type > Whey protein > WPC80 | Protein type > Casein > Casein glycomacropeptide","Protein function > Glycemic control | Protein function > Bone health","Separation method > Membrane separation > Filtration, ultrafiltration, or reverse osmosis","milk_protein_labeling_testset/test_gold.csv","legacy_path_reference_only_do_not_override_v2_rules"
"T043","CN115316660A","Nutritional composition, food containing it, and use thereof","The composition contains 2′-fucosyllactose, docosahexaenoic acid, and osteopontin. Optional components include selected carbohydrates, peptides or amino acids, vitamins, and minerals. The source reports improved brain development and cognition in infants and young children, particularly neuronal maturation, synaptogenesis, and/or myelination.","1. A nutritional composition comprising 2′-fucosyllactose, docosahexaenoic acid, and osteopontin.","Protein type > Whey protein > Osteopontin | Protein type > Other milk proteins > Milk-derived peptide | Protein function > Supports brain development","Protein type > Whey protein > Osteopontin | Protein type > Other milk proteins > Milk-derived peptide","Protein function > Supports brain development","","milk_protein_labeling_testset/test_gold.csv","legacy_path_reference_only_do_not_override_v2_rules"
"T045","US20220248738A1","NUTRITIVE COMPOSITIONS WITH SECRETED IgA, MILK FAT GLOBULE MEMBRANE COMPONENTS AND/OR BIFIDOBACTERIUM","This disclosure describes compositions of one or more components including milk fat globule membranes (MFGM) complexes, milk fat globules (MFG), commensal organisms, SlgA, recombinant SlgA (rSlgA), triglycerides or oils, and mammalian milk oligosaccharides (MMO) and the use of such compositions. The reconstituted MFGM ","1. A composition comprising a milk fat globule membrane complex (MFGM), further comprising at least one Bifidobacterium species or subspecies, secretory immunoglobulin A (sIgA), or both._x000D_ 45. A method of preparing MFGM lipids for delivery to the mucous layer of gut epithelium of a mammal, said method comprising t","Protein type > Other milk proteins > Milk-fat-globule membrane protein | Protein function > Immune modulation | Protein function > Supports gut health | Protein function > Anti-inflammatory activity | Protein function > Antimicrobial or antiviral activity","Protein type > Other milk proteins > Milk-fat-globule membrane protein","Protein function > Immune modulation | Protein function > Supports gut health | Protein function > Anti-inflammatory activity | Protein function > Antimicrobial or antiviral activity","","milk_protein_labeling_testset/test_gold.csv","legacy_path_reference_only_do_not_override_v2_rules"
"T046","CN114794491A","Composition for improving brain function and preparation method thereof","The composition contains, by weight, 20–98 parts MFGM-rich whey-protein concentrate, 0.6–60 parts inulin, 0.4–13.8 parts immunoglobulin, 0.5–5 parts lactoferrin, 0.3–4 parts lactose, and 0.2–1.7 parts CGMP whey protein. The source reports increased brain dopamine, prevention of vascular degeneration, improved neuroplasticity and memory, and relief of early age-related mild cognitive impairment.","1. A composition for improving brain function containing the listed components in the stated parts by weight. _x000D_ 8. A preparation method comprising mixing the MFGM whey-protein concentrate, inulin, immunoglobulin, lactoferrin, lactose, and CGMP whey protein.","Protein type > Whey protein > Immunoglobulin | Protein type > Casein > Casein glycomacropeptide | Protein type > Other milk proteins > Milk-fat-globule membrane protein | Protein function > Supports brain development","Protein type > Whey protein > Immunoglobulin | Protein type > Casein > Casein glycomacropeptide | Protein type > Other milk proteins > Milk-fat-globule membrane protein","Protein function > Supports brain development","","milk_protein_labeling_testset/test_gold.csv","legacy_path_reference_only_do_not_override_v2_rules"
"T047","CN114502582A","Composition containing secretory IgA and probiotics","The invention concerns a method for producing a composition in which secretory IgA is associated with one or more probiotics, the resulting composition, and uses such as reducing or preventing non-viral infection and/or inflammation.","1. A method comprising: (a) providing an SIgA source as milk or a milk fraction; (b) optionally microfiltering; (c) pasteurizing at 61–200 °C; (d) optionally spray-drying below 70 °C liquid-concentrate temperature; (e) mixing with probiotics at 1–45 °C for 10–1,440 min; and (f) optionally spray-drying below 70 °C. _x000D_ 12. A composition obtainable by the method. _x000D_ 13. A product containing [source excerpt ends here].","Protein type > Whey protein > Immunoglobulin | Separation method > Membrane separation > Microfiltration | Protein function > Immune modulation","Protein type > Whey protein > Immunoglobulin","Protein function > Immune modulation","Separation method > Membrane separation > Microfiltration","milk_protein_labeling_testset/test_gold.csv","legacy_path_reference_only_do_not_override_v2_rules"
"T048","CN114304369A","Whey-protein composition and preparation method and use thereof","The composition contains whey protein and beta-casein at a beta-casein:whey-protein mass ratio of at least 4.5:95.5. The source describes a beta-casein-rich whey-protein concentrate, optionally micronized and combined with natural polysaccharides, with slower digestion, support for muscle synthesis, and nutritional delivery.","1. A whey-protein composition containing whey protein and beta-casein at a mass ratio of at least 4.5:95.5. _x000D_ 7. A method comprising cold-treating skim raw milk at 0–10 °C, filtering it with a membrane of at least 20 nm, and ultrafiltering the permeate to remove lactose and concentrate the composition. _x000D_ 13–14. Use in nutritional supplements, muscle-synthesis promoters, dairy products, or slow-digesting/slow-amino-acid-release whey products [source excerpt ends here].","Protein type > Whey protein | Protein type > Casein > Beta-casein | Separation method > Membrane separation > Filtration, ultrafiltration, or reverse osmosis | Protein function > Muscle development","Protein type > Whey protein | Protein type > Casein > Beta-casein","Protein function > Muscle development","Separation method > Membrane separation > Filtration, ultrafiltration, or reverse osmosis","milk_protein_labeling_testset/test_gold.csv","legacy_path_reference_only_do_not_override_v2_rules"
"T049","CN114176137A","High-whey-protein infant formula powder and preparation method thereof","The infant formula contains whey protein at over 90% of total protein, casein derived entirely from cream, milk-fat-globule-membrane protein, selected fats, fructooligosaccharides, vitamins, minerals, lutein, nucleotides, choline, inositol, L-carnitine, and probiotics. It is produced by controlled dry blending and is reported to support gut health, nutrient absorption, and immunity.","1. A high-whey-protein infant formula powder with specified ingredients. _x000D_ 9. A preparation method comprising screened and magnetically checked demineralized whey feed; UV treatment of other materials; proportioning fructooligosaccharides, whey-protein concentrate, milk-fat-globule-membrane protein, arachidonic-acid and DHA powders, nutrient fortifiers, vitamins, and minerals; and premixing lutein, nucleotides, and Bifidobacterium strains with whey powder [source excerpt ends here].","Protein type > Casein | Protein type > Other milk proteins > Milk-fat-globule membrane protein | Protein function > Immune modulation | Protein function > Supports gut health","Protein type > Casein | Protein type > Other milk proteins > Milk-fat-globule membrane protein","Protein function > Immune modulation | Protein function > Supports gut health","","milk_protein_labeling_testset/test_gold.csv","legacy_path_reference_only_do_not_override_v2_rules"
"T050","CN114145458A","Use of palmitic-acid glyceride to prepare a composition that improves or promotes magnesium absorption","The invention uses palmitic-acid glyceride having at least 35%, preferably 40% and more preferably 46%, sn-2 palmitate to improve magnesium absorption. It also combines the glyceride with alpha-lactalbumin and/or beta-casein for infant magnesium absorption and describes applicability across age groups.","1. Use of palmitic-acid glyceride having at least 35%, preferably 40% and more preferably 46%, sn-2 palmitate to prepare a composition improving magnesium absorption. _x000D_ 6. Use in combination with alpha-lactalbumin at at least 7% of total protein and/or beta-casein at at least 13.5% to improve infant magnesium absorption.","Protein type > Whey protein > Alpha-lactalbumin | Protein type > Casein > Beta-casein | Protein function > Bone health | Protein function > Supports gut health","Protein type > Whey protein > Alpha-lactalbumin | Protein type > Casein > Beta-casein","Protein function > Bone health | Protein function > Supports gut health","","milk_protein_labeling_testset/test_gold.csv","legacy_path_reference_only_do_not_override_v2_rules"
"T051","CN113747802A","Liquid composition containing micellar casein concentrate","The invention concerns a liquid composition containing micellar casein concentrate (MCC), particularly non-bovine MCC, together with food containing it and methods for producing it.","1. A liquid composition of goat-derived MCC containing 60–90 wt%, preferably 75–90 wt%, protein on a dry basis, having dynamic viscosity no greater than 100 mPa·s, a casein:whey ratio of at least 85:15, and pH 6.5–7.2. _x000D_ 4. A powdered food containing goat MCC with 30–90 wt% protein, the same minimum casein:whey ratio and pH range, and at least 8 wt% protein in the food [source excerpt ends here].","Protein type > Casein > Soft casein micelle | Separation method > Membrane separation > Filtration, ultrafiltration, or reverse osmosis | Separation method > Membrane separation > Microfiltration | Protein function > Promotes digestion","Protein type > Casein > Soft casein micelle","Protein function > Promotes digestion","Separation method > Membrane separation > Filtration, ultrafiltration, or reverse osmosis | Separation method > Membrane separation > Microfiltration","milk_protein_labeling_testset/test_gold.csv","legacy_path_reference_only_do_not_override_v2_rules"
"T052","CN112890200B","Nutritional composition for catch-up growth in low-weight infants and young children","The composition contains a high concentration of osteopontin, at least one sialylated oligosaccharide, and at least one N-acetylated oligosaccharide for catch-up and healthy growth in infants and young children.","1. A composition containing osteopontin and human-milk oligosaccharides including 3′- and 6′-sialyllactose, lactodifucotetraose, 2′-fucosyllactose, and lacto-N-neotetraose, with sialylated oligosaccharides at 10–25 wt% and specified component proportions [source excerpt ends here].","Protein type > Whey protein > Osteopontin | Protein function > Glycemic control | Protein function > Weight management | Protein function > Immune modulation","Protein type > Whey protein > Osteopontin","Protein function > Glycemic control | Protein function > Weight management | Protein function > Immune modulation","","milk_protein_labeling_testset/test_gold.csv","legacy_path_reference_only_do_not_override_v2_rules"
"T053","CN113508843A","High-oil hydrolyzed whey powder and preparation method thereof","The powder contains specified parts of demineralized whey, milk-fat-globule-membrane-rich whey protein, alpha-lactalbumin, lactose, structured triglyceride, soybean, sunflower and rapeseed oils, phospholipids, cabbage powder, and ascorbyl palmitate. The source addresses poor shelf-life stability.","1. A high-oil hydrolyzed whey powder containing the ingredients in the specified parts by weight. _x000D_ 3. A method comprising weighing the formulation and mixing the structured triglyceride, oils, phospholipids, and ascorbyl palmitate into a composite oil phase [source excerpt ends here].","Protein type > Whey protein > WPC80 | Protein type > Other milk proteins > Milk-fat-globule membrane protein | Separation method > Targeted enzymatic hydrolysis | Protein function > Supports gut health","Protein type > Whey protein > WPC80 | Protein type > Other milk proteins > Milk-fat-globule membrane protein","Protein function > Supports gut health","Separation method > Targeted enzymatic hydrolysis","milk_protein_labeling_testset/test_gold.csv","legacy_path_reference_only_do_not_override_v2_rules"
"T054","JP6941445B2","Agent for improving balance","The invention provides an agent for improving balance that contains milk-fat-globule membrane as its active ingredient.","Claim 1. An agent for improving balance containing milk-fat-globule membrane as an active ingredient. _x000D_ Claim 2. A food for improving balance containing milk-fat-globule membrane as an active ingredient.","Protein type > Other milk proteins > Milk-fat-globule membrane protein | Protein function > Treatment of sensory disorders","Protein type > Other milk proteins > Milk-fat-globule membrane protein","Protein function > Treatment of sensory disorders","","milk_protein_labeling_testset/test_gold.csv","legacy_path_reference_only_do_not_override_v2_rules"
"T055","AU2021102883A4","Design and evaluation of camel milk as a functional food for anti diabetic property","DESIGN AND EVALUATION OF CAMEL MILK AS A FUNCTIONAL FOOD FOR ANTI DIABETIC PROPERTY Abstract: Camels have the tendency to yield more food and over longer amounts of time than most certain species in extreme conditions and low feed demands, indicating their success as dairy products. Breed, size, equality, season, diet,","1. From claim 1, the proteins are key elements of camel milk and serve a variety of _x000D_ purposes. Exception of glycine, threonine, valine, and lysine camel milk has a wide _x000D_ volume and variety of amino acids. _x000D_ Industrial camel milk casein has an amino acid _x000D_ structure and an increased protein con","Protein type > Whey protein > Alpha-lactalbumin | Protein type > Whey protein > Immunoglobulin | Protein type > Whey protein > Lactoferrin | Protein type > Casein | Protein function > Glycemic control","Protein type > Whey protein > Alpha-lactalbumin | Protein type > Whey protein > Immunoglobulin | Protein type > Whey protein > Lactoferrin | Protein type > Casein","Protein function > Glycemic control","","milk_protein_labeling_testset/test_gold.csv","legacy_path_reference_only_do_not_override_v2_rules"
"T056","CN112544715A","Raw-material composition for calcium-fortified milk, calcium-fortified milk, and preparation method thereof","The raw materials contain 0.1465–0.3808% milk mineral salts, 0.0095–0.01% colostrum basic protein, 0.001–0.0012% vitamin D, 0.025–0.027% gellan gum, 0.15–0.2% compound emulsifier, and ultrafiltration retentate from raw milk. The source reports higher calcium and protein, rich flavor, six-month ambient shelf life, and stability without severe flocculation or separation.","1. A calcium-fortified milk raw-material composition having the stated percentages, with the balance being raw-milk ultrafiltration retentate. _x000D_ 7. A method comprising mixing retentate, gellan gum, and emulsifier; adding milk mineral salts, colostrum basic protein, and vitamin D; then mixing, homogenizing, and cooling [source excerpt ends here].","Protein type > Whey protein > Milk basic protein | Separation method > Membrane separation > Filtration, ultrafiltration, or reverse osmosis | Protein function > Bone health","Protein type > Whey protein > Milk basic protein","Protein function > Bone health","Separation method > Membrane separation > Filtration, ultrafiltration, or reverse osmosis","milk_protein_labeling_testset/test_gold.csv","legacy_path_reference_only_do_not_override_v2_rules"
"T057","US10376543B2","Fermented milk product and method for producing the same","The invention relates to provide a fermented milk product includes angiogenin and/or angiogenin hydrolysate in an amount of 0.9 mg/100 g to 150 mg/100 g, and lactoperoxidase and/or lactoperoxidase hydrolysate in the mass ratio to the angiogenin and/or angiogenin hydrolysate of 0.3 to 23.","1. A fermented milk product comprising angiogenin and/or angiogenin hydrolysate in an amount of 0.9 mg/100 g to 150 mg/100 g and lactoperoxidase and/or lactoperoxidase hydrolysate in the mass ratio to the angiogenin and/or angiogenin hydrolysate of 0.3:1 to 23:1, wherein the fermented milk product is obtained by fermen","Protein type > Whey protein > Lactoperoxidase | Protein type > Whey protein > Growth factor | Separation method > Chromatography > Ion exchange | Protein function > Bone health","Protein type > Whey protein > Lactoperoxidase | Protein type > Whey protein > Growth factor","Protein function > Bone health","Separation method > Chromatography > Ion exchange","milk_protein_labeling_testset/test_gold.csv","legacy_path_reference_only_do_not_override_v2_rules"
"T058","US20190134096A1","Hyperimmune colostrum in the modulation and treatment of conditions associated with the mammalian microbiome","Provided are methods and compositions which are applicable for modulating, preventing or treating non-clinical and clinical conditions that are associated with composition of mammalian microbiome. The methods and compositions are based on preparations of hyperimmune colostrum enriched with antibodies for lipopolysaccha","62. A method for modulating a condition associated with composition of mammalian gut microbiome, said method comprising the step of administering to a mammalian subject an effective amount of hyperimmune colostrum preparation/s or of a composition comprising the same._x000D_ 74. A method for treating, preventing, allev","Protein type > Whey protein > Immunoglobulin | Protein function > Treatment of urinary-system disease","Protein type > Whey protein > Immunoglobulin","Protein function > Treatment of urinary-system disease","","milk_protein_labeling_testset/test_gold.csv","legacy_path_reference_only_do_not_override_v2_rules"
"T059","CN108410936A","Buffalo-milk antioxidant peptides and separation and preparation method thereof","Buffalo milk is defatted, adjusted for protein content, pasteurized, temperature- and pH-conditioned, hydrolyzed with a flavor protease, enzyme-inactivated, and cooled. Gel-column separation with detection at 220, 280, and 254 nm yields fractions that are freeze-dried and screened for reducing power and DPPH, hydroxyl-radical, and superoxide-anion scavenging. High-performing fractions are collected as antioxidant peptides.","1. A method comprising the stated milk pretreatment and enzymatic hydrolysis; gel-filtration elution and fraction collection at 220 nm; freeze-drying; and selecting fractions with high combined reducing and radical-scavenging capacity. _x000D_ 7. A buffalo-milk antioxidant peptide [source excerpt ends here].","Protein type > Other milk proteins > Milk-derived peptide | Separation method > Non-membrane physical separation | Separation method > Targeted enzymatic hydrolysis | Separation method > Chromatography | Protein function > Antioxidant activity | Protein function > Promotes digestion","Protein type > Other milk proteins > Milk-derived peptide","Protein function > Antioxidant activity | Protein function > Promotes digestion","Separation method > Non-membrane physical separation | Separation method > Targeted enzymatic hydrolysis | Separation method > Chromatography","milk_protein_labeling_testset/test_gold.csv","legacy_path_reference_only_do_not_override_v2_rules"
"T060","MX349966B","Use of sodium caseinate as antineoplastic agent.","The present invention refers to the use of sodium caseinate as an oncologic agent; which in vitro may block the proliferation, the metabolic activity and induce apoptosis in leukemia cells, but not in the normal hematopoiesis. In addition, the invention refers to the use of sodium caseinate in vivo, where this may exte","-","Protein type > Casein > Sodium caseinate | Protein function > Anticancer activity","Protein type > Casein > Sodium caseinate","Protein function > Anticancer activity","","milk_protein_labeling_testset/test_gold.csv","legacy_path_reference_only_do_not_override_v2_rules"
